board_size,max_exponent,layer_sum,max_value,num_states
2,3,6,2,2
2,3,12,2,2
2,3,4,1,2
2,3,10,2,3
2,3,14,2,1
2,3,8,2,4
2,3,6,1,1
2,4,10,3,2
2,4,6,2,2
2,4,12,2,2
2,4,22,3,1
2,4,18,3,2
2,4,20,3,3
2,4,4,1,2
2,4,10,2,3
2,4,24,3,1
2,4,14,2,1
2,4,8,2,4
2,4,14,3,4
2,4,6,1,1
2,4,16,3,3
2,4,12,3,4
2,5,10,3,2
2,5,24,4,3
2,5,38,4,1
2,5,28,4,4
2,5,6,2,2
2,5,22,4,4
2,5,12,2,2
2,5,22,3,1
2,5,18,3,2
2,5,20,3,3
2,5,32,4,1
2,5,34,4,1
2,5,4,1,2
2,5,40,4,1
2,5,10,2,3
2,5,24,3,1
2,5,26,4,3
2,5,14,2,1
2,5,36,4,2
2,5,8,2,4
2,5,14,3,4
2,5,6,1,1
2,5,16,3,3
2,5,12,3,4
2,5,20,4,2
2,6,10,3,2
2,6,24,4,3
2,6,38,4,1
2,6,50,5,1
2,6,28,4,4
2,6,6,2,2
2,6,22,4,4
2,6,38,5,2
2,6,12,2,2
2,6,22,3,1
2,6,18,3,2
2,6,20,3,3
2,6,32,4,1
2,6,40,5,3
2,6,34,4,1
2,6,52,5,2
2,6,4,1,2
2,6,40,4,1
2,6,10,2,3
2,6,42,5,3
2,6,24,3,1
2,6,44,5,4
2,6,26,4,3
2,6,56,5,1
2,6,14,2,1
2,6,48,5,1
2,6,36,4,2
2,6,8,2,4
2,6,14,3,4
2,6,6,1,1
2,6,16,3,3
2,6,12,3,4
2,6,20,4,2
2,7,10,3,2
2,7,24,4,3
2,7,38,4,1
2,7,50,5,1
2,7,28,4,4
2,7,6,2,2
2,7,22,4,4
2,7,38,5,2
2,7,12,2,2
2,7,22,3,1
2,7,18,3,2
2,7,20,3,3
2,7,32,4,1
2,7,40,5,3
2,7,34,4,1
2,7,52,5,2
2,7,4,1,2
2,7,40,4,1
2,7,10,2,3
2,7,42,5,3
2,7,24,3,1
2,7,44,5,4
2,7,26,4,3
2,7,56,5,1
2,7,14,2,1
2,7,48,5,1
2,7,36,4,2
2,7,8,2,4
2,7,14,3,4
2,7,6,1,1
2,7,16,3,3
2,7,12,3,4
2,7,20,4,2
3,10,414,8,52096
3,10,494,7,690
3,10,378,7,16130
3,10,1416,9,917
3,10,540,8,41721
3,10,82,4,931
3,10,640,8,11045
3,10,466,8,44973
3,10,1098,9,21935
3,10,1042,9,21789
3,10,32,2,2
3,10,460,8,44637
3,10,1020,9,11514
3,10,714,9,37543
3,10,326,7,21769
3,10,1286,9,614
3,10,324,7,21846
3,10,116,5,8843
3,10,668,9,48035
3,10,152,5,843
3,10,402,8,35552
3,10,1038,9,13603
3,10,536,8,40033
3,10,1070,9,40942
3,10,1230,9,13008
3,10,710,9,38854
3,10,1090,9,22222
3,10,1148,9,17630
3,10,532,7,102
3,10,654,8,15328
3,10,898,8,19
3,10,350,8,39787
3,10,98,4,2
3,10,402,7,9992
3,10,332,8,25692
3,10,914,9,39736
3,10,420,8,43338
3,10,280,7,38646
3,10,186,6,22418
3,10,552,8,35526
3,10,916,9,42952
3,10,1444,9,5353
3,10,878,9,57624
3,10,90,6,5130
3,10,788,9,37488
3,10,1374,9,11998
3,10,1052,9,35934
3,10,534,9,3003
3,10,702,8,14714
3,10,1064,9,32986
3,10,1356,9,9516
3,10,222,7,39761
3,10,308,8,19526
3,10,338,7,24407
3,10,876,9,52911
3,10,246,7,41350
3,10,554,7,6
3,10,1100,9,26457
3,10,1074,9,34994
3,10,1182,9,29585
3,10,1440,9,6775
3,10,370,7,18688
3,10,826,9,55305
3,10,140,7,346
3,10,1522,9,68
3,10,1116,9,33323
3,10,290,8,9384
3,10,488,8,40289
3,10,10,3,10
3,10,128,5,6538
3,10,890,8,120
3,10,344,8,34252
3,10,632,8,20632
3,10,904,9,20186
3,10,994,9,13234
3,10,336,8,31103
3,10,376,8,42371
3,10,812,8,5907
3,10,410,8,45525
3,10,84,4,672
3,10,164,6,24950
3,10,570,8,36048
3,10,34,3,1474
3,10,614,8,23023
3,10,894,9,39905
3,10,180,6,22508
3,10,1186,9,20425
3,10,1114,9,32765
3,10,280,8,4026
3,10,24,4,164
3,10,562,9,18618
3,10,1472,9,857
3,10,1316,9,11628
3,10,154,5,619
3,10,716,9,44715
3,10,930,8,143
3,10,168,6,25212
3,10,542,7,38
3,10,1498,9,719
3,10,440,7,5694
3,10,342,7,25683
3,10,1210,9,17224
3,10,1110,9,31546
3,10,828,9,55821
3,10,268,8,194
3,10,304,7,39589
3,10,656,9,38418
3,10,90,4,206
3,10,798,9,51303
3,10,1346,9,5023
3,10,274,6,834
3,10,446,7,3621
3,10,174,5,12
3,10,1460,9,4439
3,10,38,4,3244
3,10,852,8,1318
3,10,84,5,15380
3,10,728,8,12914
3,10,604,8,36101
3,10,30,3,1482
3,10,318,7,35976
3,10,188,7,23508
3,10,708,8,7001
3,10,558,7,2
3,10,846,8,1339
3,10,686,8,22151
3,10,946,8,50
3,10,440,8,55600
3,10,810,8,5429
3,10,156,7,6089
3,10,1366,9,11975
3,10,918,9,47606
3,10,732,9,52881
3,10,94,5,15407
3,10,54,5,3383
3,10,710,8,5682
3,10,372,8,39756
3,10,244,7,39730
3,10,954,9,38096
3,10,306,6,21
3,10,386,7,6540
3,10,1172,9,19712
3,10,1488,9,1051
3,10,32,3,1532
3,10,802,8,6028
3,10,764,8,3305
3,10,706,8,5733
3,10,310,7,35550
3,10,344,7,27200
3,10,932,9,35547
3,10,1008,9,17869
3,10,712,8,6671
3,10,888,9,44671
3,10,1190,9,19590
3,10,908,9,32760
3,10,162,5,178
3,10,46,4,5595
3,10,1480,9,754
3,10,868,8,596
3,10,290,7,32848
3,10,522,8,22877
3,10,170,6,23959
3,10,490,7,673
3,10,604,9,36906
3,10,744,9,40516
3,10,808,8,5469
3,10,354,7,20371
3,10,412,7,10882
3,10,1206,9,20309
3,10,1118,9,34354
3,10,552,9,12528
3,10,322,8,26813
3,10,590,8,33687
3,10,1338,9,12688
3,10,28,2,21
3,10,884,8,318
3,10,984,8,1
3,10,300,7,36666
3,10,882,8,253
3,10,312,6,2
3,10,1452,9,6659
3,10,616,8,24450
3,10,1102,9,30469
3,10,284,6,417
3,10,486,8,39777
3,10,964,9,19684
3,10,96,5,15768
3,10,478,7,2402
3,10,800,9,49222
3,10,762,8,2750
3,10,1048,9,32581
3,10,738,8,4892
3,10,922,8,239
3,10,154,6,27409
3,10,722,8,11440
3,10,422,7,6411
3,10,264,7,31526
3,10,48,4,6054
3,10,824,9,58097
3,10,636,9,41695
3,10,944,8,72
3,10,756,9,36057
3,10,786,9,34062
3,10,1476,9,606
3,10,374,7,18113
3,10,334,7,27717
3,10,1174,9,23008
3,10,414,7,10544
3,10,758,8,4537
3,10,942,8,70
3,10,530,7,107
3,10,356,8,36637
3,10,1382,9,5127
3,10,472,8,52695
3,10,150,7,3164
3,10,754,8,3631
3,10,1238,9,13583
3,10,76,5,13751
3,10,164,5,116
3,10,894,8,34
3,10,68,4,3887
3,10,1106,9,28932
3,10,298,8,13432
3,10,278,7,35477
3,10,144,5,2179
3,10,86,4,488
3,10,630,8,21034
3,10,1056,9,35499
3,10,26,2,52
3,10,720,9,49223
3,10,118,6,20567
3,10,300,6,76
3,10,648,8,7680
3,10,908,8,85
3,10,136,6,25962
3,10,796,8,8091
3,10,536,7,86
3,10,44,3,563
3,10,838,9,38635
3,10,498,8,39461
3,10,1428,9,5433
3,10,100,4,2
3,10,1026,9,1398
3,10,162,6,27846
3,10,940,8,94
3,10,552,7,8
3,10,456,8,38113
3,10,1308,9,14327
3,10,304,6,39
3,10,328,8,26117
3,10,50,5,1907
3,10,622,8,29508
3,10,818,8,4591
3,10,238,6,6931
3,10,72,6,70
3,10,150,5,1015
3,10,382,7,16404
3,10,70,4,3369
3,10,616,9,38033
3,10,742,9,39846
3,10,1394,9,3594
3,10,684,8,20013
3,10,624,9,43766
3,10,628,8,20260
3,10,646,8,6450
3,10,558,8,44884
3,10,576,9,26483
3,10,458,7,1442
3,10,564,7,4
3,10,662,9,40537
3,10,456,7,1317
3,10,1196,9,24973
3,10,106,5,12541
3,10,1010,9,10734
3,10,1420,9,2053
3,10,276,8,2332
3,10,430,8,55522
3,10,644,9,29725
3,10,76,6,443
3,10,406,8,40480
3,10,670,8,23902
3,10,852,9,53505
3,10,168,5,52
3,10,194,6,18665
3,10,1292,9,2149
3,10,286,8,7173
3,10,1018,9,9152
3,10,948,8,58
3,10,568,9,22027
3,10,28,4,561
3,10,272,8,1079
3,10,800,8,7422
3,10,532,9,2223
3,10,424,7,6775
3,10,366,7,23084
3,10,1086,9,33345
3,10,1236,9,11897
3,10,52,4,6316
3,10,156,6,28448
3,10,816,8,5687
3,10,1494,9,1030
3,10,1362,9,10756
3,10,594,8,32560
3,10,1376,9,8018
3,10,318,8,24950
3,10,960,9,23863
3,10,724,8,10636
3,10,434,8,53360
3,10,60,3,1
3,10,592,9,31087
3,10,874,9,45817
3,10,912,8,154
3,10,360,7,18691
3,10,114,6,18642
3,10,1072,9,39573
3,10,282,6,450
3,10,538,7,72
3,10,158,6,30258
3,10,1168,9,17300
3,10,1132,9,25959
3,10,242,7,41342
3,10,80,5,14782
3,10,22,2,125
3,10,200,6,15357
3,10,70,5,11579
3,10,426,8,47311
3,10,658,9,35537
3,10,704,8,9745
3,10,596,9,30058
3,10,100,6,10585
3,10,922,9,51140
3,10,1304,9,12144
3,10,152,6,27988
3,10,64,4,4740
3,10,758,9,40850
3,10,556,7,6
3,10,450,8,41258
3,10,862,8,1129
3,10,220,6,11293
3,10,88,4,347
3,10,204,6,14871
3,10,876,8,556
3,10,634,8,17801
3,10,380,7,15788
3,10,212,7,30064
3,10,190,7,24974
3,10,520,8,19361
3,10,970,8,5
3,10,1028,9,2520
3,10,1478,9,498
3,10,1032,9,3396
3,10,850,8,1311
3,10,408,8,44767
3,10,950,9,43408
3,10,662,8,20963
3,10,784,8,4743
3,10,250,7,41687
3,10,404,8,37355
3,10,538,9,4872
3,10,1176,9,25848
3,10,270,6,1176
3,10,1158,9,6312
3,10,592,8,35103
3,10,218,7,34655
3,10,820,8,4328
3,10,1514,9,196
3,10,620,9,38178
3,10,6,2,12
3,10,1166,9,14536
3,10,1170,9,18238
3,10,26,3,1218
3,10,640,9,43328
3,10,682,9,47360
3,10,96,6,8641
3,10,306,7,35634
3,10,428,7,7619
3,10,420,7,6771
3,10,86,6,3279
3,10,1094,9,20529
3,10,98,5,15283
3,10,1180,9,27753
3,10,52,3,68
3,10,410,7,10735
3,10,268,6,1237
3,10,714,8,7731
3,10,1422,9,3260
3,10,404,7,10202
3,10,978,8,1
3,10,822,9,57444
3,10,1128,9,22853
3,10,132,5,4533
3,10,120,5,8210
3,10,980,9,32208
3,10,762,9,36771
3,10,20,2,162
3,10,854,8,1379
3,10,108,6,14760
3,10,1112,9,33646
3,10,1134,9,27970
3,10,300,8,14731
3,10,1470,9,255
3,10,918,8,233
3,10,568,7,2
3,10,1528,9,68
3,10,1232,9,13773
3,10,352,8,41077
3,10,746,8,6815
3,10,22,4,82
3,10,750,9,51165
3,10,338,8,30842
3,10,526,8,32104
3,10,614,9,37534
3,10,1046,9,28564
3,10,196,6,15420
3,10,336,7,27134
3,10,528,7,114
3,10,1136,9,25010
3,10,1474,9,341
3,10,74,4,2525
3,10,920,8,244
3,10,230,6,6553
3,10,126,6,24961
3,10,1144,9,20117
3,10,170,5,26
3,10,954,8,27
3,10,1140,9,19677
3,10,696,8,17056
3,10,362,7,18460
3,10,1500,9,879
3,10,102,5,13799
3,10,766,8,332
3,10,612,9,36609
3,10,1482,9,880
3,10,432,8,57354
3,10,958,8,14
3,10,114,5,10179
3,10,1218,9,6214
3,10,80,6,1265
3,10,482,7,1200
3,10,632,9,42314
3,10,810,9,50381
3,10,120,6,22037
3,10,292,8,10491
3,10,1164,9,11806
3,10,500,7,345
3,10,968,9,20343
3,10,380,8,41731
3,10,1434,9,8613
3,10,138,7,97
3,10,1352,9,6093
3,10,626,8,20739
3,10,478,8,56278
3,10,166,7,11571
3,10,284,8,6023
3,10,144,6,28676
3,10,966,8,6
3,10,442,8,53531
3,10,826,8,3366
3,10,646,9,33367
3,10,38,5,38
3,10,752,8,5764
3,10,248,6,4806
3,10,340,8,30080
3,10,818,9,55363
3,10,74,5,12931
3,10,976,9,38695
3,10,500,8,36037
3,10,292,6,106
3,10,1246,9,12706
3,10,222,6,11546
3,10,1516,9,232
3,10,1418,9,1240
3,10,590,9,28704
3,10,182,7,20575
3,10,1188,9,19336
3,10,664,8,22808
3,10,910,9,37539
3,10,270,7,38766
3,10,708,9,36124
3,10,650,8,8885
3,10,454,7,1205
3,10,832,8,1991
3,10,1290,9,1261
3,10,1450,9,5825
3,10,1216,9,10695
3,10,698,9,53637
3,10,1326,9,16969
3,10,334,8,28720
3,10,1392,9,5690
3,10,1438,9,10053
3,10,546,8,32798
3,10,224,7,41063
3,10,870,9,44498
3,10,1400,9,3634
3,10,254,7,44582
3,10,942,9,54932
3,10,678,9,44106
3,10,218,6,11388
3,10,28,3,1407
3,10,282,7,38354
3,10,1012,9,17118
3,10,680,9,46217
3,10,298,7,33732
3,10,798,8,8292
3,10,146,7,1683
3,10,774,9,15907
3,10,742,8,5232
3,10,162,7,9434
3,10,316,7,34138
3,10,792,8,7525
3,10,66,4,4391
3,10,356,7,17677
3,10,126,5,6970
3,10,578,9,26813
3,10,598,8,34719
3,10,1256,9,6771
3,10,220,7,36909
3,10,272,7,36208
3,10,1284,9,694
3,10,226,7,39386
3,10,932,8,156
3,10,602,9,34656
3,10,12,2,107
3,10,288,6,229
3,10,176,5,6
3,10,896,8,56
3,10,22,3,731
3,10,774,8,614
3,10,368,8,43826
3,10,168,7,12615
3,10,986,9,35944
3,10,260,6,1610
3,10,794,8,7779
3,10,198,7,25631
3,10,232,7,37986
3,10,1344,9,8519
3,10,678,8,17113
3,10,480,7,1863
3,10,388,7,7706
3,10,596,8,31790
3,10,400,7,11089
3,10,680,8,17691
3,10,92,5,15001
3,10,266,7,29430
3,10,786,8,5414
3,10,946,9,40657
3,10,548,7,12
3,10,96,4,27
3,10,860,8,1355
3,10,878,8,488
3,10,512,7,58
3,10,648,9,31753
3,10,526,7,104
3,10,1214,9,15109
3,10,294,6,71
3,10,670,9,52128
3,10,892,9,39860
3,10,190,6,23029
3,10,18,3,302
3,10,346,8,34686
3,10,1406,9,315
3,10,924,8,244
3,10,394,7,7837
3,10,560,7,3
3,10,562,7,2
3,10,308,6,11
3,10,496,7,522
3,10,42,3,736
3,10,372,7,16743
3,10,1126,9,21383
3,10,812,9,53970
3,10,314,7,34364
3,10,748,9,46694
3,10,398,7,10735
3,10,452,8,35984
3,10,848,9,57237
3,10,838,8,748
3,10,366,8,42781
3,10,1222,9,6236
3,10,966,9,16197
3,10,984,9,40108
3,10,956,9,39056
3,10,1138,9,20047
3,10,1250,9,5144
3,10,842,9,39158
3,10,76,4,1903
3,10,1154,9,6304
3,10,112,5,11375
3,10,1330,9,13882
3,10,928,9,49429
3,10,332,7,25290
3,10,230,7,37516
3,10,354,8,39398
3,10,430,7,8255
3,10,886,8,196
3,10,292,7,31746
3,10,998,9,16512
3,10,238,7,42742
3,10,160,7,8526
3,10,1432,9,8456
3,10,258,6,1912
3,10,822,8,4085
3,10,1302,9,10165
3,10,802,9,44189
3,10,568,8,38970
3,10,1084,9,33907
3,10,250,6,4269
3,10,56,4,6193
3,10,1242,9,12869
3,10,20,3,504
3,10,956,8,35
3,10,518,8,15930
3,10,780,9,29942
3,10,290,6,134
3,10,582,9,25634
3,10,216,7,34216
3,10,68,5,10597
3,10,658,8,18033
3,10,964,8,8
3,10,1364,9,10149
3,10,866,8,561
3,10,78,5,14122
3,10,502,7,228
3,10,516,7,29
3,10,842,8,901
3,10,278,6,632
3,10,454,8,38676
3,10,992,9,23225
3,10,50,3,137
3,10,1524,9,136
3,10,104,5,13331
3,10,384,7,10842
3,10,418,7,7167
3,10,492,7,737
3,10,666,9,45573
3,10,582,8,21625
3,10,234,6,6354
3,10,280,6,567
3,10,476,8,52949
3,10,88,6,4173
3,10,46,5,869
3,10,630,9,41323
3,10,510,8,39895
3,10,820,9,53962
3,10,962,9,13531
3,10,550,7,6
3,10,78,4,1535
3,10,432,7,7642
3,10,1402,9,2689
3,10,124,6,23500
3,10,50,4,6113
3,10,486,7,763
3,10,808,9,48154
3,10,928,8,215
3,10,138,5,3092
3,10,768,9,23459
3,10,1054,9,38029
3,10,716,8,10365
3,10,1078,9,35650
3,10,654,9,40179
3,10,148,5,1256
3,10,94,4,49
3,10,484,8,36238
3,10,530,9,1505
3,10,32,4,1381
3,10,214,7,32905
3,10,1152,9,10834
3,10,844,8,1155
3,10,154,7,4994
3,10,764,9,37118
3,10,226,6,7565
3,10,546,9,9323
3,10,650,9,29716
3,10,960,8,16
3,10,1448,9,5497
3,10,548,9,10436
3,10,212,6,11745
3,10,760,8,3687
3,10,462,8,50950
3,10,834,8,1161
3,10,578,8,23234
3,10,438,8,54129
3,10,564,8,36883
3,10,470,8,48884
3,10,78,6,788
3,10,884,9,40134
3,10,38,3,1179
3,10,1192,9,21281
3,10,320,7,30291
3,10,906,8,48
3,10,530,8,31105
3,10,814,8,6157
3,10,286,6,271
3,10,208,6,14599
3,10,930,9,39924
3,10,1412,9,684
3,10,566,8,38896
3,10,898,9,13708
3,10,198,6,16140
3,10,40,5,124
3,10,554,9,13426
3,10,176,7,17220
3,10,982,9,39183
3,10,1212,9,17588
3,10,1348,9,6305
3,10,814,9,60988
3,10,408,7,11265
3,10,1202,9,19709
3,10,694,8,16937
3,10,806,9,44545
3,10,412,8,48001
3,10,58,4,5894
3,10,492,8,46529
3,10,692,8,15845
3,10,1404,9,3245
3,10,164,7,10547
3,10,320,8,26475
3,10,1104,9,31301
3,10,268,7,33999
3,10,864,8,905
3,10,866,9,45055
3,10,144,7,1146
3,10,1324,9,15068
3,10,556,9,14727
3,10,1280,9,991
3,10,690,8,17235
3,10,1334,9,13810
3,10,972,8,5
3,10,702,9,57446
3,10,160,6,30360
3,10,736,9,50907
3,10,1224,9,7489
3,10,512,8,23461
3,10,278,8,3113
3,10,656,8,17747
3,10,772,8,694
3,10,482,8,41029
3,10,298,6,64
3,10,394,8,29688
3,10,1468,9,2848
3,10,206,6,15999
3,10,352,7,25077
3,10,296,7,33449
3,10,628,9,39679
3,10,294,8,11499
3,10,980,8,2
3,10,856,9,62779
3,10,610,8,24303
3,10,82,6,1810
3,10,1124,9,21386
3,10,712,9,38362
3,10,1456,9,4985
3,10,1430,9,7293
3,10,770,8,388
3,10,374,8,41395
3,10,1156,9,7761
3,10,296,6,72
3,10,314,8,22953
3,10,132,6,26021
3,10,1464,9,3203
3,10,1262,9,8198
3,10,858,8,1345
3,10,570,9,22961
3,10,458,8,37339
3,10,34,4,1933
3,10,692,9,50476
3,10,444,8,53602
3,10,508,7,157
3,10,158,5,405
3,10,1034,9,4680
3,10,588,9,25679
3,10,52,5,2626
3,10,122,5,7272
3,10,296,8,12555
3,10,920,9,51029
3,10,516,8,19421
3,10,902,9,16426
3,10,580,8,21709
3,10,196,7,26023
3,10,248,7,42351
3,10,776,9,19350
3,10,464,7,3052
3,10,806,8,5266
3,10,364,8,38248
3,10,840,9,38781
3,10,188,6,22166
3,10,1310,9,15660
3,10,1024,9,3116
3,10,1300,9,8518
3,10,498,7,322
3,10,62,5,7486
3,10,1486,9,1327
3,10,700,8,14792
3,10,384,8,43309
3,10,122,6,22982
3,10,804,8,5587
3,10,1146,9,17365
3,10,1266,9,3723
3,10,606,8,37968
3,10,1296,9,5603
3,10,202,6,13870
3,10,600,9,34223
3,10,1484,9,1073
3,10,1426,9,5245
3,10,398,8,40213
3,10,750,8,8135
3,10,98,6,9516
3,10,376,7,18319
3,10,62,4,5182
3,10,652,9,34658
3,10,988,9,37109
3,10,952,9,43541
3,10,858,9,61750
3,10,1342,9,12970
3,10,80,4,1242
3,10,1220,9,7705
3,10,288,8,8453
3,10,674,8,18722
3,10,934,8,93
3,10,400,8,38460
3,10,386,8,36589
3,10,634,9,41629
3,10,1512,9,287
3,10,730,8,11886
3,10,312,8,22023
3,10,594,9,30831
3,10,1066,9,34009
3,10,824,8,3981
3,10,926,8,246
3,10,1510,9,302
3,10,676,9,43379
3,10,642,9,36589
3,10,778,8,1261
3,10,474,8,52376
3,10,4,1,8
3,10,182,6,22694
3,10,972,9,33657
3,10,940,9,48843
3,10,608,8,31750
3,10,1506,9,136
3,10,82,5,15381
3,10,694,9,54189
3,10,146,5,1552
3,10,348,7,26773
3,10,436,8,50442
3,10,584,8,22651
3,10,274,8,1638
3,10,618,8,24387
3,10,312,7,36517
3,10,142,5,2614
3,10,426,7,6867
3,10,766,9,39897
3,10,134,5,4158
3,10,228,6,7007
3,10,518,7,19
3,10,938,8,74
3,10,262,6,1271
3,10,416,7,9217
3,10,664,9,44826
3,10,1520,9,78
3,10,1036,9,7990
3,10,484,7,1010
3,10,1306,9,13484
3,10,40,4,3946
3,10,952,8,43
3,10,382,8,44522
3,10,358,8,37545
3,10,542,9,7107
3,10,1496,9,941
3,10,1258,9,7069
3,10,252,7,41807
3,10,448,8,51260
3,10,1200,9,24578
3,10,1424,9,4527
3,10,1244,9,13158
3,10,1504,9,269
3,10,10,2,69
3,10,1264,9,5874
3,10,256,7,43280
3,10,1044,9,24224
3,10,322,7,23523
3,10,870,8,440
3,10,772,9,19417
3,10,938,9,41928
3,10,490,8,39929
3,10,30,2,5
3,10,214,6,11819
3,10,784,9,35456
3,10,1252,9,6590
3,10,1068,9,37080
3,10,258,7,36592
3,10,1006,9,27240
3,10,560,9,17196
3,10,534,7,89
3,10,1370,9,11615
3,10,584,9,26111
3,10,722,9,44954
3,10,326,8,25635
3,10,172,6,24366
3,10,452,7,1545
3,10,738,9,41085
3,10,90,5,15684
3,10,544,9,8369
3,10,1518,9,4
3,10,524,7,80
3,10,1358,9,10762
3,10,1320,9,12965
3,10,266,6,1040
3,10,202,7,26399
3,10,270,8,584
3,10,324,8,26023
3,10,586,8,23600
3,10,892,8,148
3,10,1160,9,7455
3,10,638,9,44485
3,10,756,8,5105
3,10,902,8,19
3,10,562,8,37636
3,10,1328,9,16267
3,10,636,8,18033
3,10,586,9,26388
3,10,464,8,49213
3,10,86,5,15413
3,10,560,8,42873
3,10,948,9,38880
3,10,790,9,42666
3,10,1368,9,12564
3,10,974,8,2
3,10,804,9,43592
3,10,976,8,2
3,10,686,9,55588
3,10,1314,9,13560
3,10,224,6,9734
3,10,216,6,12188
3,10,146,6,27594
3,10,626,9,41293
3,10,1446,9,4491
3,10,254,6,3778
3,10,1318,9,12664
3,10,1088,9,28861
3,10,1354,9,7066
3,10,44,4,5114
3,10,890,9,39007
3,10,184,7,22054
3,10,1312,9,15625
3,10,508,8,37084
3,10,666,8,23205
3,10,912,9,41011
3,10,194,7,26813
3,10,124,5,7009
3,10,606,9,39740
3,10,638,8,15807
3,10,272,6,1074
3,10,618,9,37665
3,10,644,8,7891
3,10,368,7,22097
3,10,54,3,28
3,10,996,9,19350
3,10,424,8,46163
3,10,754,9,39548
3,10,958,9,39232
3,10,308,7,33322
3,10,180,7,19540
3,10,104,6,12636
3,10,624,8,26092
3,10,152,7,4072
3,10,1408,9,974
3,10,1122,9,22512
3,10,390,7,6354
3,10,1360,9,11712
3,10,1298,9,7077
3,10,494,8,50988
3,10,1398,9,4451
3,10,546,7,17
3,10,1380,9,6099
3,10,522,7,48
3,10,1436,9,9086
3,10,770,9,13436
3,10,488,7,764
3,10,888,8,194
3,10,974,9,36816
3,10,140,5,2807
3,10,934,9,39439
3,10,228,7,36616
3,10,724,9,46401
3,10,172,7,14753
3,10,572,9,23495
3,10,134,6,25621
3,10,524,8,29773
3,10,1288,9,938
3,10,64,5,8705
3,10,778,9,22858
3,10,242,6,5711
3,10,528,8,33506
3,10,936,8,102
3,10,514,7,19
3,10,42,5,276
3,10,24,3,998
3,10,236,7,38194
3,10,608,9,41042
3,10,904,8,33
3,10,468,8,46447
3,10,600,8,37090
3,10,844,9,48455
3,10,544,7,33
3,10,880,9,51867
3,10,1142,9,20379
3,10,378,8,41645
3,10,176,6,25865
3,10,622,9,42707
3,10,514,8,13435
3,10,178,7,18644
3,10,36,3,1350
3,10,836,9,35974
3,10,854,9,57989
3,10,470,7,2772
3,10,1378,9,4742
3,10,672,9,49101
3,10,556,8,40300
3,10,856,8,1422
3,10,1082,9,33646
3,10,210,6,12282
3,10,550,8,32840
3,10,178,6,23474
3,10,348,8,36945
3,10,574,8,35213
3,10,1076,9,34145
3,10,688,8,20730
3,10,66,5,9541
3,10,848,8,1431
3,10,1322,9,13007
3,10,468,7,2734
3,10,370,8,41364
3,10,642,8,6436
3,10,674,9,44348
3,10,792,9,46111
3,10,172,5,18
3,10,558,9,15755
3,10,504,8,41644
3,10,44,5,520
3,10,1120,9,29243
3,10,236,6,6897
3,10,1350,9,5118
3,10,1000,9,21337
3,10,740,8,6235
3,10,698,8,14918
3,10,390,8,33267
3,10,330,8,26398
3,10,46,3,387
3,10,26,4,315
3,10,244,6,4970
3,10,502,8,40839
3,10,18,2,175
3,10,1270,9,4549
3,10,900,9,19955
3,10,1248,9,8672
3,10,504,7,199
3,10,1508,9,269
3,10,142,7,690
3,10,302,6,52
3,10,718,9,50974
3,10,846,9,56939
3,10,776,8,938
3,10,56,5,4287
3,10,234,7,37626
3,10,462,7,2589
3,10,540,7,63
3,10,978,9,34056
3,10,1268,9,5253
3,10,1016,9,11880
3,10,246,6,4876
3,10,830,9,56572
3,10,150,6,27738
3,10,302,7,39452
3,10,14,2,136
3,10,48,5,1350
3,10,1458,9,3132
3,10,306,8,18618
3,10,112,6,17218
3,10,40,3,1005
3,10,174,6,26504
3,10,208,7,31128
3,10,392,8,31695
3,10,850,9,53201
3,10,1060,9,29873
3,10,302,8,15755
3,10,72,4,2972
3,10,350,7,27245
3,10,210,7,30847
3,10,726,9,48850
3,10,94,6,7395
3,10,580,9,26023
3,10,1282,9,388
3,10,330,7,21783
3,10,1454,9,6858
3,10,276,7,33386
3,10,862,9,67078
3,10,1150,9,15532
3,10,192,6,22127
3,10,660,8,19383
3,10,1388,9,7646
3,10,882,9,42050
3,10,392,7,7093
3,10,434,7,6309
3,10,442,7,4880
3,10,924,9,52526
3,10,1332,9,12725
3,10,138,6,25935
3,10,950,8,44
3,10,260,7,29747
3,10,906,9,24246
3,10,1502,9,56
3,10,1184,9,25876
3,10,868,9,41643
3,10,74,6,219
3,10,1062,9,30830
3,10,476,7,2498
3,10,732,8,12064
3,10,36,4,2596
3,10,768,8,989
3,10,1040,9,18915
3,10,916,8,197
3,10,788,8,5922
3,10,406,7,10812
3,10,990,9,38060
3,10,1442,9,4157
3,10,8,2,39
3,10,396,7,10043
3,10,1030,9,2238
3,10,362,8,37691
3,10,706,9,41421
3,10,1466,9,2356
3,10,148,6,25907
3,10,1272,9,3759
3,10,24,2,93
3,10,110,5,11483
3,10,620,8,27390
3,10,48,3,244
3,10,474,7,2674
3,10,388,8,29690
3,10,554,8,36820
3,10,472,7,2873
3,10,136,5,3716
3,10,730,9,52412
3,10,30,4,898
3,10,1340,9,12678
3,10,700,9,53695
3,10,360,8,38034
3,10,1294,9,3751
3,10,910,8,116
3,10,288,7,38448
3,10,864,9,57616
3,10,1260,9,8033
3,10,740,9,36215
3,10,1050,9,33997
3,10,1194,9,21843
3,10,548,8,32095
3,10,782,8,3501
3,10,1198,9,27479
3,10,14,3,82
3,10,422,8,44055
3,10,58,3,3
3,10,6,1,10
3,10,160,5,299
3,10,328,7,22028
3,10,760,9,41715
3,10,1254,9,5580
3,10,346,7,26669
3,10,544,8,38691
3,10,116,6,19540
3,10,252,6,3953
3,10,588,8,29116
3,10,204,7,25717
3,10,364,7,21022
3,10,926,9,53537
3,10,688,9,57429
3,10,72,5,12429
3,10,1492,9,1118
3,10,676,8,16217
3,10,1274,9,2758
3,10,682,8,17653
3,10,672,8,22640
3,10,936,9,41319
3,10,526,9,287
3,10,1372,9,11817
3,10,262,7,33232
3,10,496,8,47453
3,10,294,7,32225
3,10,540,9,5959
3,10,880,8,397
3,10,42,4,4558
3,10,536,9,3919
3,10,460,7,2101
3,10,900,8,29
3,10,92,4,113
3,10,110,6,15780
3,10,796,9,49989
3,10,1208,9,19971
3,10,572,8,36334
3,10,690,9,53415
3,10,1490,9,684
3,10,886,9,44445
3,10,790,8,6706
3,10,416,8,49073
3,10,56,3,7
3,10,480,8,50822
3,10,794,9,46698
3,10,130,6,26812
3,10,968,8,7
3,10,836,8,1063
3,10,734,9,56213
3,10,240,7,43785
3,10,1410,9,380
3,10,752,9,47615
3,10,158,7,7274
3,10,574,9,24958
3,10,1336,9,14202
3,10,184,6,23184
3,10,58,5,5256
3,10,446,8,57293
3,10,684,9,50378
3,10,1240,9,14106
3,10,342,8,32947
3,10,148,7,2387
3,10,830,8,2494
3,10,734,8,12393
3,10,1014,9,15556
3,10,418,8,44325
3,10,358,7,18371
3,10,542,8,41995
3,10,1226,9,8695
3,10,744,8,6426
3,10,1096,9,21429
3,10,1092,9,20665
3,10,696,9,55707
3,10,256,6,2937
3,10,1234,9,12325
3,10,896,9,24228
3,10,1276,9,3309
3,10,748,8,7747
3,10,720,8,12542
3,10,274,7,32499
3,10,466,7,2989
3,10,232,6,6573
3,10,510,7,34
3,10,506,7,129
3,10,286,7,42714
3,10,186,7,22993
3,10,652,8,12384
3,10,598,9,32912
3,10,8,1,4
3,10,340,7,24740
3,10,576,8,30370
3,10,832,9,51482
3,10,534,8,37653
3,10,166,6,25612
3,10,704,9,51455
3,10,54,4,6291
3,10,1384,9,6334
3,10,538,8,39598
3,10,1278,9,334
3,10,1414,9,602
3,10,106,6,13465
3,10,142,6,27089
3,10,450,7,1746
3,10,874,8,479
3,10,782,9,33032
3,10,834,9,41118
3,10,16,2,166
3,10,156,5,546
3,10,1162,9,8560
3,10,100,5,14361
3,10,1228,9,11549
3,10,200,7,26099
3,10,746,9,40150
3,10,1004,9,26045
3,10,1204,9,19580
3,10,60,5,6345
3,10,970,9,25209
3,10,1390,9,7992
3,10,448,7,2907
3,10,612,8,22976
3,10,872,8,512
3,10,140,6,24733
3,10,816,9,60655
3,10,174,7,15780
3,10,118,5,8792
3,10,444,7,4639
3,10,550,9,11445
3,10,840,8,874
3,10,166,5,60
3,10,860,9,62366
3,10,310,8,20567
3,10,16,3,164
3,10,532,8,33538
3,10,1462,9,3870
3,10,92,6,6233
3,10,192,7,26499
3,10,304,8,17196
3,10,668,8,23641
3,10,726,8,12377
3,10,88,5,15787
3,10,944,9,49600
3,10,264,6,1182
3,10,1396,9,5073
3,10,12,3,36
3,10,1058,9,30860
3,10,316,8,23491
3,10,240,6,6759
3,10,564,9,19526
3,10,528,9,857
3,10,506,8,36715
3,10,438,7,5874
3,10,436,7,6006
3,10,566,9,20567
3,10,962,8,5
3,10,102,6,11605
3,10,780,8,2131
3,10,520,7,33
3,10,284,7,39652
3,10,728,9,52729
3,10,428,8,50330
3,10,108,5,11367
3,10,396,8,34668
3,10,914,8,194
3,10,20,4,26
3,10,1108,9,28918
3,10,206,7,28752
3,10,736,8,8237
3,10,1178,9,26675
3,10,128,6,26492
3,10,1386,9,6723
3,10,276,6,740
3,10,282,8,4957
3,10,718,8,11563
3,10,872,9,46054
3,10,1002,9,23264
3,10,828,8,3275
3,10,602,8,35812
3,10,610,9,39372
3,10,1130,9,22920
3,10,84,6,2530
3,10,130,5,5494
3,10,60,4,5681
3,10,660,9,37378
3,10,1080,9,36175
3,10,170,7,13450
3,3,32,2,2
3,3,28,2,21
3,3,26,2,52
3,3,22,2,125
3,3,6,2,12
3,3,20,2,162
3,3,12,2,107
3,3,4,1,8
3,3,10,2,69
3,3,30,2,5
3,3,18,2,175
3,3,14,2,136
3,3,8,2,39
3,3,24,2,93
3,3,6,1,10
3,3,8,1,4
3,3,16,2,166
3,4,32,2,2
3,4,10,3,10
3,4,34,3,1474
3,4,30,3,1482
3,4,32,3,1532
3,4,28,2,21
3,4,26,2,52
3,4,44,3,563
3,4,60,3,1
3,4,22,2,125
3,4,6,2,12
3,4,26,3,1218
3,4,52,3,68
3,4,20,2,162
3,4,28,3,1407
3,4,12,2,107
3,4,22,3,731
3,4,18,3,302
3,4,42,3,736
3,4,20,3,504
3,4,50,3,137
3,4,38,3,1179
3,4,4,1,8
3,4,10,2,69
3,4,30,2,5
3,4,54,3,28
3,4,24,3,998
3,4,36,3,1350
3,4,46,3,387
3,4,18,2,175
3,4,14,2,136
3,4,40,3,1005
3,4,8,2,39
3,4,24,2,93
3,4,48,3,244
3,4,14,3,82
3,4,58,3,3
3,4,6,1,10
3,4,56,3,7
3,4,8,1,4
3,4,16,2,166
3,4,16,3,164
3,4,12,3,36
3,5,82,4,931
3,5,32,2,2
3,5,98,4,2
3,5,10,3,10
3,5,84,4,672
3,5,34,3,1474
3,5,24,4,164
3,5,90,4,206
3,5,38,4,3244
3,5,30,3,1482
3,5,32,3,1532
3,5,46,4,5595
3,5,28,2,21
3,5,48,4,6054
3,5,68,4,3887
3,5,86,4,488
3,5,26,2,52
3,5,44,3,563
3,5,100,4,2
3,5,70,4,3369
3,5,28,4,561
3,5,52,4,6316
3,5,60,3,1
3,5,22,2,125
3,5,64,4,4740
3,5,88,4,347
3,5,6,2,12
3,5,26,3,1218
3,5,52,3,68
3,5,20,2,162
3,5,22,4,82
3,5,74,4,2525
3,5,28,3,1407
3,5,66,4,4391
3,5,12,2,107
3,5,22,3,731
3,5,96,4,27
3,5,18,3,302
3,5,42,3,736
3,5,76,4,1903
3,5,56,4,6193
3,5,20,3,504
3,5,50,3,137
3,5,78,4,1535
3,5,50,4,6113
3,5,94,4,49
3,5,32,4,1381
3,5,38,3,1179
3,5,58,4,5894
3,5,34,4,1933
3,5,62,4,5182
3,5,80,4,1242
3,5,4,1,8
3,5,40,4,3946
3,5,10,2,69
3,5,30,2,5
3,5,44,4,5114
3,5,54,3,28
3,5,24,3,998
3,5,36,3,1350
3,5,46,3,387
3,5,26,4,315
3,5,18,2,175
3,5,14,2,136
3,5,40,3,1005
3,5,72,4,2972
3,5,36,4,2596
3,5,8,2,39
3,5,24,2,93
3,5,48,3,244
3,5,30,4,898
3,5,14,3,82
3,5,58,3,3
3,5,6,1,10
3,5,42,4,4558
3,5,92,4,113
3,5,56,3,7
3,5,8,1,4
3,5,54,4,6291
3,5,16,2,166
3,5,16,3,164
3,5,12,3,36
3,5,20,4,26
3,5,60,4,5681
3,6,82,4,931
3,6,32,2,2
3,6,116,5,8843
3,6,152,5,843
3,6,98,4,2
3,6,10,3,10
3,6,128,5,6538
3,6,84,4,672
3,6,34,3,1474
3,6,24,4,164
3,6,154,5,619
3,6,90,4,206
3,6,174,5,12
3,6,38,4,3244
3,6,84,5,15380
3,6,30,3,1482
3,6,94,5,15407
3,6,54,5,3383
3,6,32,3,1532
3,6,162,5,178
3,6,46,4,5595
3,6,28,2,21
3,6,96,5,15768
3,6,48,4,6054
3,6,76,5,13751
3,6,164,5,116
3,6,68,4,3887
3,6,144,5,2179
3,6,86,4,488
3,6,26,2,52
3,6,44,3,563
3,6,100,4,2
3,6,50,5,1907
3,6,150,5,1015
3,6,70,4,3369
3,6,106,5,12541
3,6,168,5,52
3,6,28,4,561
3,6,52,4,6316
3,6,60,3,1
3,6,80,5,14782
3,6,22,2,125
3,6,70,5,11579
3,6,64,4,4740
3,6,88,4,347
3,6,6,2,12
3,6,26,3,1218
3,6,98,5,15283
3,6,52,3,68
3,6,132,5,4533
3,6,120,5,8210
3,6,20,2,162
3,6,22,4,82
3,6,74,4,2525
3,6,170,5,26
3,6,102,5,13799
3,6,114,5,10179
3,6,38,5,38
3,6,74,5,12931
3,6,28,3,1407
3,6,66,4,4391
3,6,126,5,6970
3,6,12,2,107
3,6,176,5,6
3,6,22,3,731
3,6,92,5,15001
3,6,96,4,27
3,6,18,3,302
3,6,42,3,736
3,6,76,4,1903
3,6,112,5,11375
3,6,56,4,6193
3,6,20,3,504
3,6,68,5,10597
3,6,78,5,14122
3,6,50,3,137
3,6,104,5,13331
3,6,46,5,869
3,6,78,4,1535
3,6,50,4,6113
3,6,138,5,3092
3,6,148,5,1256
3,6,94,4,49
3,6,32,4,1381
3,6,38,3,1179
3,6,40,5,124
3,6,58,4,5894
3,6,34,4,1933
3,6,158,5,405
3,6,52,5,2626
3,6,122,5,7272
3,6,62,5,7486
3,6,62,4,5182
3,6,80,4,1242
3,6,4,1,8
3,6,82,5,15381
3,6,146,5,1552
3,6,142,5,2614
3,6,134,5,4158
3,6,40,4,3946
3,6,10,2,69
3,6,30,2,5
3,6,90,5,15684
3,6,86,5,15413
3,6,44,4,5114
3,6,124,5,7009
3,6,54,3,28
3,6,140,5,2807
3,6,64,5,8705
3,6,42,5,276
3,6,24,3,998
3,6,36,3,1350
3,6,66,5,9541
3,6,172,5,18
3,6,44,5,520
3,6,46,3,387
3,6,26,4,315
3,6,18,2,175
3,6,56,5,4287
3,6,14,2,136
3,6,48,5,1350
3,6,40,3,1005
3,6,72,4,2972
3,6,36,4,2596
3,6,8,2,39
3,6,24,2,93
3,6,110,5,11483
3,6,48,3,244
3,6,136,5,3716
3,6,30,4,898
3,6,14,3,82
3,6,58,3,3
3,6,6,1,10
3,6,160,5,299
3,6,72,5,12429
3,6,42,4,4558
3,6,92,4,113
3,6,56,3,7
3,6,58,5,5256
3,6,8,1,4
3,6,54,4,6291
3,6,16,2,166
3,6,156,5,546
3,6,100,5,14361
3,6,60,5,6345
3,6,118,5,8792
3,6,166,5,60
3,6,16,3,164
3,6,88,5,15787
3,6,12,3,36
3,6,108,5,11367
3,6,20,4,26
3,6,130,5,5494
3,6,60,4,5681
3,7,82,4,931
3,7,32,2,2
3,7,116,5,8843
3,7,152,5,843
3,7,98,4,2
3,7,186,6,22418
3,7,90,6,5130
3,7,10,3,10
3,7,128,5,6538
3,7,84,4,672
3,7,164,6,24950
3,7,34,3,1474
3,7,180,6,22508
3,7,24,4,164
3,7,154,5,619
3,7,168,6,25212
3,7,90,4,206
3,7,274,6,834
3,7,174,5,12
3,7,38,4,3244
3,7,84,5,15380
3,7,30,3,1482
3,7,94,5,15407
3,7,54,5,3383
3,7,306,6,21
3,7,32,3,1532
3,7,162,5,178
3,7,46,4,5595
3,7,170,6,23959
3,7,28,2,21
3,7,312,6,2
3,7,284,6,417
3,7,96,5,15768
3,7,154,6,27409
3,7,48,4,6054
3,7,76,5,13751
3,7,164,5,116
3,7,68,4,3887
3,7,144,5,2179
3,7,86,4,488
3,7,26,2,52
3,7,118,6,20567
3,7,300,6,76
3,7,136,6,25962
3,7,44,3,563
3,7,100,4,2
3,7,162,6,27846
3,7,304,6,39
3,7,50,5,1907
3,7,238,6,6931
3,7,72,6,70
3,7,150,5,1015
3,7,70,4,3369
3,7,106,5,12541
3,7,76,6,443
3,7,168,5,52
3,7,194,6,18665
3,7,28,4,561
3,7,52,4,6316
3,7,156,6,28448
3,7,60,3,1
3,7,114,6,18642
3,7,282,6,450
3,7,158,6,30258
3,7,80,5,14782
3,7,22,2,125
3,7,200,6,15357
3,7,70,5,11579
3,7,100,6,10585
3,7,152,6,27988
3,7,64,4,4740
3,7,220,6,11293
3,7,88,4,347
3,7,204,6,14871
3,7,270,6,1176
3,7,6,2,12
3,7,26,3,1218
3,7,96,6,8641
3,7,86,6,3279
3,7,98,5,15283
3,7,52,3,68
3,7,268,6,1237
3,7,132,5,4533
3,7,120,5,8210
3,7,20,2,162
3,7,108,6,14760
3,7,22,4,82
3,7,196,6,15420
3,7,74,4,2525
3,7,230,6,6553
3,7,126,6,24961
3,7,170,5,26
3,7,102,5,13799
3,7,114,5,10179
3,7,80,6,1265
3,7,120,6,22037
3,7,144,6,28676
3,7,38,5,38
3,7,248,6,4806
3,7,74,5,12931
3,7,292,6,106
3,7,222,6,11546
3,7,218,6,11388
3,7,28,3,1407
3,7,66,4,4391
3,7,126,5,6970
3,7,12,2,107
3,7,288,6,229
3,7,176,5,6
3,7,22,3,731
3,7,260,6,1610
3,7,92,5,15001
3,7,96,4,27
3,7,294,6,71
3,7,190,6,23029
3,7,18,3,302
3,7,308,6,11
3,7,42,3,736
3,7,76,4,1903
3,7,112,5,11375
3,7,258,6,1912
3,7,250,6,4269
3,7,56,4,6193
3,7,20,3,504
3,7,290,6,134
3,7,68,5,10597
3,7,78,5,14122
3,7,278,6,632
3,7,50,3,137
3,7,104,5,13331
3,7,234,6,6354
3,7,280,6,567
3,7,88,6,4173
3,7,46,5,869
3,7,78,4,1535
3,7,124,6,23500
3,7,50,4,6113
3,7,138,5,3092
3,7,148,5,1256
3,7,94,4,49
3,7,32,4,1381
3,7,226,6,7565
3,7,212,6,11745
3,7,78,6,788
3,7,38,3,1179
3,7,286,6,271
3,7,208,6,14599
3,7,198,6,16140
3,7,40,5,124
3,7,58,4,5894
3,7,160,6,30360
3,7,298,6,64
3,7,206,6,15999
3,7,82,6,1810
3,7,296,6,72
3,7,132,6,26021
3,7,34,4,1933
3,7,158,5,405
3,7,52,5,2626
3,7,122,5,7272
3,7,188,6,22166
3,7,62,5,7486
3,7,122,6,22982
3,7,202,6,13870
3,7,98,6,9516
3,7,62,4,5182
3,7,80,4,1242
3,7,4,1,8
3,7,182,6,22694
3,7,82,5,15381
3,7,146,5,1552
3,7,142,5,2614
3,7,134,5,4158
3,7,228,6,7007
3,7,262,6,1271
3,7,40,4,3946
3,7,10,2,69
3,7,30,2,5
3,7,214,6,11819
3,7,172,6,24366
3,7,90,5,15684
3,7,266,6,1040
3,7,86,5,15413
3,7,224,6,9734
3,7,216,6,12188
3,7,146,6,27594
3,7,254,6,3778
3,7,44,4,5114
3,7,124,5,7009
3,7,272,6,1074
3,7,54,3,28
3,7,104,6,12636
3,7,140,5,2807
3,7,134,6,25621
3,7,64,5,8705
3,7,242,6,5711
3,7,42,5,276
3,7,24,3,998
3,7,176,6,25865
3,7,36,3,1350
3,7,210,6,12282
3,7,178,6,23474
3,7,66,5,9541
3,7,172,5,18
3,7,44,5,520
3,7,236,6,6897
3,7,46,3,387
3,7,26,4,315
3,7,244,6,4970
3,7,18,2,175
3,7,302,6,52
3,7,56,5,4287
3,7,246,6,4876
3,7,150,6,27738
3,7,14,2,136
3,7,48,5,1350
3,7,112,6,17218
3,7,40,3,1005
3,7,174,6,26504
3,7,72,4,2972
3,7,94,6,7395
3,7,192,6,22127
3,7,138,6,25935
3,7,74,6,219
3,7,36,4,2596
3,7,8,2,39
3,7,148,6,25907
3,7,24,2,93
3,7,110,5,11483
3,7,48,3,244
3,7,136,5,3716
3,7,30,4,898
3,7,14,3,82
3,7,58,3,3
3,7,6,1,10
3,7,160,5,299
3,7,116,6,19540
3,7,252,6,3953
3,7,72,5,12429
3,7,42,4,4558
3,7,92,4,113
3,7,110,6,15780
3,7,56,3,7
3,7,130,6,26812
3,7,184,6,23184
3,7,58,5,5256
3,7,256,6,2937
3,7,232,6,6573
3,7,8,1,4
3,7,166,6,25612
3,7,54,4,6291
3,7,106,6,13465
3,7,142,6,27089
3,7,16,2,166
3,7,156,5,546
3,7,100,5,14361
3,7,60,5,6345
3,7,140,6,24733
3,7,118,5,8792
3,7,166,5,60
3,7,16,3,164
3,7,92,6,6233
3,7,88,5,15787
3,7,264,6,1182
3,7,12,3,36
3,7,240,6,6759
3,7,102,6,11605
3,7,108,5,11367
3,7,20,4,26
3,7,128,6,26492
3,7,276,6,740
3,7,84,6,2530
3,7,130,5,5494
3,7,60,4,5681
3,8,494,7,690
3,8,378,7,16130
3,8,82,4,931
3,8,32,2,2
3,8,326,7,21769
3,8,324,7,21846
3,8,116,5,8843
3,8,152,5,843
3,8,532,7,102
3,8,98,4,2
3,8,402,7,9992
3,8,280,7,38646
3,8,186,6,22418
3,8,90,6,5130
3,8,222,7,39761
3,8,338,7,24407
3,8,246,7,41350
3,8,554,7,6
3,8,370,7,18688
3,8,140,7,346
3,8,10,3,10
3,8,128,5,6538
3,8,84,4,672
3,8,164,6,24950
3,8,34,3,1474
3,8,180,6,22508
3,8,24,4,164
3,8,154,5,619
3,8,168,6,25212
3,8,542,7,38
3,8,440,7,5694
3,8,342,7,25683
3,8,304,7,39589
3,8,90,4,206
3,8,274,6,834
3,8,446,7,3621
3,8,174,5,12
3,8,38,4,3244
3,8,84,5,15380
3,8,30,3,1482
3,8,318,7,35976
3,8,188,7,23508
3,8,558,7,2
3,8,156,7,6089
3,8,94,5,15407
3,8,54,5,3383
3,8,244,7,39730
3,8,306,6,21
3,8,386,7,6540
3,8,32,3,1532
3,8,310,7,35550
3,8,344,7,27200
3,8,162,5,178
3,8,46,4,5595
3,8,290,7,32848
3,8,170,6,23959
3,8,490,7,673
3,8,354,7,20371
3,8,412,7,10882
3,8,28,2,21
3,8,300,7,36666
3,8,312,6,2
3,8,284,6,417
3,8,96,5,15768
3,8,478,7,2402
3,8,154,6,27409
3,8,422,7,6411
3,8,264,7,31526
3,8,48,4,6054
3,8,374,7,18113
3,8,334,7,27717
3,8,414,7,10544
3,8,530,7,107
3,8,150,7,3164
3,8,76,5,13751
3,8,164,5,116
3,8,68,4,3887
3,8,278,7,35477
3,8,144,5,2179
3,8,86,4,488
3,8,26,2,52
3,8,118,6,20567
3,8,300,6,76
3,8,136,6,25962
3,8,536,7,86
3,8,44,3,563
3,8,100,4,2
3,8,162,6,27846
3,8,552,7,8
3,8,304,6,39
3,8,50,5,1907
3,8,238,6,6931
3,8,72,6,70
3,8,150,5,1015
3,8,382,7,16404
3,8,70,4,3369
3,8,458,7,1442
3,8,564,7,4
3,8,456,7,1317
3,8,106,5,12541
3,8,76,6,443
3,8,168,5,52
3,8,194,6,18665
3,8,28,4,561
3,8,424,7,6775
3,8,366,7,23084
3,8,52,4,6316
3,8,156,6,28448
3,8,60,3,1
3,8,360,7,18691
3,8,114,6,18642
3,8,282,6,450
3,8,538,7,72
3,8,158,6,30258
3,8,242,7,41342
3,8,80,5,14782
3,8,22,2,125
3,8,200,6,15357
3,8,70,5,11579
3,8,100,6,10585
3,8,152,6,27988
3,8,64,4,4740
3,8,556,7,6
3,8,220,6,11293
3,8,88,4,347
3,8,204,6,14871
3,8,380,7,15788
3,8,212,7,30064
3,8,190,7,24974
3,8,250,7,41687
3,8,270,6,1176
3,8,218,7,34655
3,8,6,2,12
3,8,26,3,1218
3,8,96,6,8641
3,8,306,7,35634
3,8,428,7,7619
3,8,420,7,6771
3,8,86,6,3279
3,8,98,5,15283
3,8,52,3,68
3,8,410,7,10735
3,8,268,6,1237
3,8,404,7,10202
3,8,132,5,4533
3,8,120,5,8210
3,8,20,2,162
3,8,108,6,14760
3,8,568,7,2
3,8,22,4,82
3,8,196,6,15420
3,8,336,7,27134
3,8,528,7,114
3,8,74,4,2525
3,8,230,6,6553
3,8,126,6,24961
3,8,170,5,26
3,8,362,7,18460
3,8,102,5,13799
3,8,114,5,10179
3,8,80,6,1265
3,8,482,7,1200
3,8,120,6,22037
3,8,500,7,345
3,8,138,7,97
3,8,166,7,11571
3,8,144,6,28676
3,8,38,5,38
3,8,248,6,4806
3,8,74,5,12931
3,8,292,6,106
3,8,222,6,11546
3,8,182,7,20575
3,8,270,7,38766
3,8,454,7,1205
3,8,224,7,41063
3,8,254,7,44582
3,8,218,6,11388
3,8,28,3,1407
3,8,282,7,38354
3,8,298,7,33732
3,8,146,7,1683
3,8,162,7,9434
3,8,316,7,34138
3,8,66,4,4391
3,8,356,7,17677
3,8,126,5,6970
3,8,220,7,36909
3,8,272,7,36208
3,8,226,7,39386
3,8,12,2,107
3,8,288,6,229
3,8,176,5,6
3,8,22,3,731
3,8,168,7,12615
3,8,260,6,1610
3,8,198,7,25631
3,8,232,7,37986
3,8,480,7,1863
3,8,388,7,7706
3,8,400,7,11089
3,8,92,5,15001
3,8,266,7,29430
3,8,548,7,12
3,8,96,4,27
3,8,512,7,58
3,8,526,7,104
3,8,294,6,71
3,8,190,6,23029
3,8,18,3,302
3,8,394,7,7837
3,8,560,7,3
3,8,562,7,2
3,8,308,6,11
3,8,496,7,522
3,8,42,3,736
3,8,372,7,16743
3,8,314,7,34364
3,8,398,7,10735
3,8,76,4,1903
3,8,112,5,11375
3,8,332,7,25290
3,8,230,7,37516
3,8,430,7,8255
3,8,292,7,31746
3,8,238,7,42742
3,8,160,7,8526
3,8,258,6,1912
3,8,250,6,4269
3,8,56,4,6193
3,8,20,3,504
3,8,290,6,134
3,8,216,7,34216
3,8,68,5,10597
3,8,78,5,14122
3,8,502,7,228
3,8,516,7,29
3,8,278,6,632
3,8,50,3,137
3,8,104,5,13331
3,8,384,7,10842
3,8,418,7,7167
3,8,492,7,737
3,8,234,6,6354
3,8,280,6,567
3,8,88,6,4173
3,8,46,5,869
3,8,550,7,6
3,8,78,4,1535
3,8,432,7,7642
3,8,124,6,23500
3,8,50,4,6113
3,8,486,7,763
3,8,138,5,3092
3,8,148,5,1256
3,8,94,4,49
3,8,32,4,1381
3,8,214,7,32905
3,8,154,7,4994
3,8,226,6,7565
3,8,212,6,11745
3,8,78,6,788
3,8,38,3,1179
3,8,320,7,30291
3,8,286,6,271
3,8,208,6,14599
3,8,198,6,16140
3,8,40,5,124
3,8,176,7,17220
3,8,408,7,11265
3,8,58,4,5894
3,8,164,7,10547
3,8,268,7,33999
3,8,144,7,1146
3,8,160,6,30360
3,8,298,6,64
3,8,206,6,15999
3,8,352,7,25077
3,8,296,7,33449
3,8,82,6,1810
3,8,296,6,72
3,8,132,6,26021
3,8,34,4,1933
3,8,508,7,157
3,8,158,5,405
3,8,52,5,2626
3,8,122,5,7272
3,8,196,7,26023
3,8,248,7,42351
3,8,464,7,3052
3,8,188,6,22166
3,8,498,7,322
3,8,62,5,7486
3,8,122,6,22982
3,8,202,6,13870
3,8,98,6,9516
3,8,376,7,18319
3,8,62,4,5182
3,8,80,4,1242
3,8,4,1,8
3,8,182,6,22694
3,8,82,5,15381
3,8,146,5,1552
3,8,348,7,26773
3,8,312,7,36517
3,8,142,5,2614
3,8,426,7,6867
3,8,134,5,4158
3,8,228,6,7007
3,8,518,7,19
3,8,262,6,1271
3,8,416,7,9217
3,8,484,7,1010
3,8,40,4,3946
3,8,252,7,41807
3,8,10,2,69
3,8,256,7,43280
3,8,322,7,23523
3,8,30,2,5
3,8,214,6,11819
3,8,258,7,36592
3,8,534,7,89
3,8,172,6,24366
3,8,452,7,1545
3,8,90,5,15684
3,8,524,7,80
3,8,266,6,1040
3,8,202,7,26399
3,8,86,5,15413
3,8,224,6,9734
3,8,216,6,12188
3,8,146,6,27594
3,8,254,6,3778
3,8,44,4,5114
3,8,184,7,22054
3,8,194,7,26813
3,8,124,5,7009
3,8,272,6,1074
3,8,368,7,22097
3,8,54,3,28
3,8,308,7,33322
3,8,180,7,19540
3,8,104,6,12636
3,8,152,7,4072
3,8,390,7,6354
3,8,546,7,17
3,8,522,7,48
3,8,488,7,764
3,8,140,5,2807
3,8,228,7,36616
3,8,172,7,14753
3,8,134,6,25621
3,8,64,5,8705
3,8,242,6,5711
3,8,514,7,19
3,8,42,5,276
3,8,24,3,998
3,8,236,7,38194
3,8,544,7,33
3,8,176,6,25865
3,8,178,7,18644
3,8,36,3,1350
3,8,470,7,2772
3,8,210,6,12282
3,8,178,6,23474
3,8,66,5,9541
3,8,468,7,2734
3,8,172,5,18
3,8,44,5,520
3,8,236,6,6897
3,8,46,3,387
3,8,26,4,315
3,8,244,6,4970
3,8,18,2,175
3,8,504,7,199
3,8,142,7,690
3,8,302,6,52
3,8,56,5,4287
3,8,234,7,37626
3,8,462,7,2589
3,8,540,7,63
3,8,246,6,4876
3,8,150,6,27738
3,8,302,7,39452
3,8,14,2,136
3,8,48,5,1350
3,8,112,6,17218
3,8,40,3,1005
3,8,174,6,26504
3,8,208,7,31128
3,8,72,4,2972
3,8,350,7,27245
3,8,210,7,30847
3,8,94,6,7395
3,8,330,7,21783
3,8,276,7,33386
3,8,192,6,22127
3,8,392,7,7093
3,8,434,7,6309
3,8,442,7,4880
3,8,138,6,25935
3,8,260,7,29747
3,8,74,6,219
3,8,476,7,2498
3,8,36,4,2596
3,8,406,7,10812
3,8,8,2,39
3,8,396,7,10043
3,8,148,6,25907
3,8,24,2,93
3,8,110,5,11483
3,8,48,3,244
3,8,474,7,2674
3,8,472,7,2873
3,8,136,5,3716
3,8,30,4,898
3,8,288,7,38448
3,8,14,3,82
3,8,58,3,3
3,8,6,1,10
3,8,160,5,299
3,8,328,7,22028
3,8,346,7,26669
3,8,116,6,19540
3,8,252,6,3953
3,8,204,7,25717
3,8,364,7,21022
3,8,72,5,12429
3,8,262,7,33232
3,8,294,7,32225
3,8,42,4,4558
3,8,460,7,2101
3,8,92,4,113
3,8,110,6,15780
3,8,56,3,7
3,8,130,6,26812
3,8,240,7,43785
3,8,158,7,7274
3,8,184,6,23184
3,8,58,5,5256
3,8,148,7,2387
3,8,358,7,18371
3,8,256,6,2937
3,8,274,7,32499
3,8,466,7,2989
3,8,232,6,6573
3,8,510,7,34
3,8,506,7,129
3,8,286,7,42714
3,8,186,7,22993
3,8,8,1,4
3,8,340,7,24740
3,8,166,6,25612
3,8,54,4,6291
3,8,106,6,13465
3,8,142,6,27089
3,8,450,7,1746
3,8,16,2,166
3,8,156,5,546
3,8,100,5,14361
3,8,200,7,26099
3,8,60,5,6345
3,8,448,7,2907
3,8,140,6,24733
3,8,174,7,15780
3,8,118,5,8792
3,8,444,7,4639
3,8,166,5,60
3,8,16,3,164
3,8,92,6,6233
3,8,192,7,26499
3,8,88,5,15787
3,8,264,6,1182
3,8,12,3,36
3,8,240,6,6759
3,8,438,7,5874
3,8,436,7,6006
3,8,102,6,11605
3,8,520,7,33
3,8,284,7,39652
3,8,108,5,11367
3,8,20,4,26
3,8,206,7,28752
3,8,128,6,26492
3,8,276,6,740
3,8,84,6,2530
3,8,130,5,5494
3,8,60,4,5681
3,8,170,7,13450
3,9,414,8,52096
3,9,494,7,690
3,9,378,7,16130
3,9,540,8,41721
3,9,82,4,931
3,9,640,8,11045
3,9,466,8,44973
3,9,32,2,2
3,9,460,8,44637
3,9,326,7,21769
3,9,324,7,21846
3,9,116,5,8843
3,9,152,5,843
3,9,402,8,35552
3,9,536,8,40033
3,9,532,7,102
3,9,654,8,15328
3,9,898,8,19
3,9,350,8,39787
3,9,98,4,2
3,9,402,7,9992
3,9,332,8,25692
3,9,420,8,43338
3,9,280,7,38646
3,9,186,6,22418
3,9,552,8,35526
3,9,90,6,5130
3,9,702,8,14714
3,9,222,7,39761
3,9,308,8,19526
3,9,338,7,24407
3,9,246,7,41350
3,9,554,7,6
3,9,370,7,18688
3,9,140,7,346
3,9,290,8,9384
3,9,488,8,40289
3,9,10,3,10
3,9,128,5,6538
3,9,890,8,120
3,9,344,8,34252
3,9,632,8,20632
3,9,336,8,31103
3,9,376,8,42371
3,9,812,8,5907
3,9,410,8,45525
3,9,84,4,672
3,9,164,6,24950
3,9,570,8,36048
3,9,34,3,1474
3,9,614,8,23023
3,9,180,6,22508
3,9,280,8,4026
3,9,24,4,164
3,9,154,5,619
3,9,930,8,143
3,9,168,6,25212
3,9,542,7,38
3,9,440,7,5694
3,9,342,7,25683
3,9,268,8,194
3,9,304,7,39589
3,9,90,4,206
3,9,274,6,834
3,9,446,7,3621
3,9,174,5,12
3,9,38,4,3244
3,9,852,8,1318
3,9,84,5,15380
3,9,728,8,12914
3,9,604,8,36101
3,9,30,3,1482
3,9,318,7,35976
3,9,188,7,23508
3,9,708,8,7001
3,9,558,7,2
3,9,846,8,1339
3,9,686,8,22151
3,9,946,8,50
3,9,440,8,55600
3,9,810,8,5429
3,9,156,7,6089
3,9,94,5,15407
3,9,54,5,3383
3,9,710,8,5682
3,9,372,8,39756
3,9,244,7,39730
3,9,306,6,21
3,9,386,7,6540
3,9,32,3,1532
3,9,802,8,6028
3,9,764,8,3305
3,9,706,8,5733
3,9,310,7,35550
3,9,344,7,27200
3,9,712,8,6671
3,9,162,5,178
3,9,46,4,5595
3,9,868,8,596
3,9,290,7,32848
3,9,522,8,22877
3,9,170,6,23959
3,9,490,7,673
3,9,808,8,5469
3,9,354,7,20371
3,9,412,7,10882
3,9,322,8,26813
3,9,590,8,33687
3,9,28,2,21
3,9,884,8,318
3,9,984,8,1
3,9,300,7,36666
3,9,882,8,253
3,9,312,6,2
3,9,616,8,24450
3,9,284,6,417
3,9,486,8,39777
3,9,96,5,15768
3,9,478,7,2402
3,9,762,8,2750
3,9,738,8,4892
3,9,922,8,239
3,9,154,6,27409
3,9,722,8,11440
3,9,422,7,6411
3,9,264,7,31526
3,9,48,4,6054
3,9,944,8,72
3,9,374,7,18113
3,9,334,7,27717
3,9,414,7,10544
3,9,758,8,4537
3,9,942,8,70
3,9,530,7,107
3,9,356,8,36637
3,9,472,8,52695
3,9,150,7,3164
3,9,754,8,3631
3,9,76,5,13751
3,9,164,5,116
3,9,894,8,34
3,9,68,4,3887
3,9,298,8,13432
3,9,278,7,35477
3,9,144,5,2179
3,9,86,4,488
3,9,630,8,21034
3,9,26,2,52
3,9,118,6,20567
3,9,300,6,76
3,9,648,8,7680
3,9,908,8,85
3,9,136,6,25962
3,9,796,8,8091
3,9,536,7,86
3,9,44,3,563
3,9,498,8,39461
3,9,100,4,2
3,9,162,6,27846
3,9,940,8,94
3,9,552,7,8
3,9,456,8,38113
3,9,304,6,39
3,9,328,8,26117
3,9,50,5,1907
3,9,622,8,29508
3,9,818,8,4591
3,9,238,6,6931
3,9,72,6,70
3,9,150,5,1015
3,9,382,7,16404
3,9,70,4,3369
3,9,684,8,20013
3,9,628,8,20260
3,9,646,8,6450
3,9,558,8,44884
3,9,458,7,1442
3,9,564,7,4
3,9,456,7,1317
3,9,106,5,12541
3,9,276,8,2332
3,9,430,8,55522
3,9,76,6,443
3,9,406,8,40480
3,9,670,8,23902
3,9,168,5,52
3,9,194,6,18665
3,9,286,8,7173
3,9,948,8,58
3,9,28,4,561
3,9,272,8,1079
3,9,800,8,7422
3,9,424,7,6775
3,9,366,7,23084
3,9,52,4,6316
3,9,156,6,28448
3,9,816,8,5687
3,9,594,8,32560
3,9,318,8,24950
3,9,724,8,10636
3,9,434,8,53360
3,9,60,3,1
3,9,912,8,154
3,9,360,7,18691
3,9,114,6,18642
3,9,282,6,450
3,9,538,7,72
3,9,158,6,30258
3,9,242,7,41342
3,9,80,5,14782
3,9,22,2,125
3,9,200,6,15357
3,9,70,5,11579
3,9,426,8,47311
3,9,704,8,9745
3,9,100,6,10585
3,9,152,6,27988
3,9,64,4,4740
3,9,556,7,6
3,9,450,8,41258
3,9,862,8,1129
3,9,220,6,11293
3,9,88,4,347
3,9,204,6,14871
3,9,876,8,556
3,9,634,8,17801
3,9,380,7,15788
3,9,212,7,30064
3,9,190,7,24974
3,9,520,8,19361
3,9,970,8,5
3,9,850,8,1311
3,9,408,8,44767
3,9,662,8,20963
3,9,784,8,4743
3,9,250,7,41687
3,9,404,8,37355
3,9,270,6,1176
3,9,592,8,35103
3,9,218,7,34655
3,9,820,8,4328
3,9,6,2,12
3,9,26,3,1218
3,9,96,6,8641
3,9,306,7,35634
3,9,428,7,7619
3,9,420,7,6771
3,9,86,6,3279
3,9,98,5,15283
3,9,52,3,68
3,9,410,7,10735
3,9,268,6,1237
3,9,714,8,7731
3,9,404,7,10202
3,9,978,8,1
3,9,132,5,4533
3,9,120,5,8210
3,9,20,2,162
3,9,854,8,1379
3,9,108,6,14760
3,9,300,8,14731
3,9,918,8,233
3,9,568,7,2
3,9,352,8,41077
3,9,746,8,6815
3,9,22,4,82
3,9,338,8,30842
3,9,526,8,32104
3,9,196,6,15420
3,9,336,7,27134
3,9,528,7,114
3,9,74,4,2525
3,9,920,8,244
3,9,230,6,6553
3,9,126,6,24961
3,9,170,5,26
3,9,954,8,27
3,9,696,8,17056
3,9,362,7,18460
3,9,102,5,13799
3,9,766,8,332
3,9,432,8,57354
3,9,958,8,14
3,9,114,5,10179
3,9,80,6,1265
3,9,482,7,1200
3,9,120,6,22037
3,9,292,8,10491
3,9,500,7,345
3,9,380,8,41731
3,9,138,7,97
3,9,626,8,20739
3,9,478,8,56278
3,9,166,7,11571
3,9,284,8,6023
3,9,144,6,28676
3,9,966,8,6
3,9,442,8,53531
3,9,826,8,3366
3,9,38,5,38
3,9,752,8,5764
3,9,248,6,4806
3,9,340,8,30080
3,9,74,5,12931
3,9,500,8,36037
3,9,292,6,106
3,9,222,6,11546
3,9,182,7,20575
3,9,664,8,22808
3,9,270,7,38766
3,9,650,8,8885
3,9,454,7,1205
3,9,832,8,1991
3,9,334,8,28720
3,9,546,8,32798
3,9,224,7,41063
3,9,254,7,44582
3,9,218,6,11388
3,9,28,3,1407
3,9,282,7,38354
3,9,298,7,33732
3,9,798,8,8292
3,9,146,7,1683
3,9,742,8,5232
3,9,162,7,9434
3,9,316,7,34138
3,9,792,8,7525
3,9,66,4,4391
3,9,356,7,17677
3,9,126,5,6970
3,9,598,8,34719
3,9,220,7,36909
3,9,272,7,36208
3,9,226,7,39386
3,9,932,8,156
3,9,12,2,107
3,9,288,6,229
3,9,176,5,6
3,9,896,8,56
3,9,22,3,731
3,9,774,8,614
3,9,368,8,43826
3,9,168,7,12615
3,9,260,6,1610
3,9,794,8,7779
3,9,198,7,25631
3,9,232,7,37986
3,9,678,8,17113
3,9,480,7,1863
3,9,388,7,7706
3,9,596,8,31790
3,9,400,7,11089
3,9,680,8,17691
3,9,92,5,15001
3,9,266,7,29430
3,9,786,8,5414
3,9,548,7,12
3,9,96,4,27
3,9,860,8,1355
3,9,878,8,488
3,9,512,7,58
3,9,526,7,104
3,9,294,6,71
3,9,190,6,23029
3,9,18,3,302
3,9,346,8,34686
3,9,924,8,244
3,9,394,7,7837
3,9,560,7,3
3,9,562,7,2
3,9,308,6,11
3,9,496,7,522
3,9,42,3,736
3,9,372,7,16743
3,9,314,7,34364
3,9,398,7,10735
3,9,452,8,35984
3,9,838,8,748
3,9,366,8,42781
3,9,76,4,1903
3,9,112,5,11375
3,9,332,7,25290
3,9,230,7,37516
3,9,354,8,39398
3,9,430,7,8255
3,9,886,8,196
3,9,292,7,31746
3,9,238,7,42742
3,9,160,7,8526
3,9,258,6,1912
3,9,822,8,4085
3,9,568,8,38970
3,9,250,6,4269
3,9,56,4,6193
3,9,20,3,504
3,9,956,8,35
3,9,518,8,15930
3,9,290,6,134
3,9,216,7,34216
3,9,68,5,10597
3,9,658,8,18033
3,9,964,8,8
3,9,866,8,561
3,9,78,5,14122
3,9,502,7,228
3,9,516,7,29
3,9,842,8,901
3,9,278,6,632
3,9,454,8,38676
3,9,50,3,137
3,9,104,5,13331
3,9,384,7,10842
3,9,418,7,7167
3,9,492,7,737
3,9,582,8,21625
3,9,234,6,6354
3,9,280,6,567
3,9,476,8,52949
3,9,88,6,4173
3,9,46,5,869
3,9,510,8,39895
3,9,550,7,6
3,9,78,4,1535
3,9,432,7,7642
3,9,124,6,23500
3,9,50,4,6113
3,9,486,7,763
3,9,928,8,215
3,9,138,5,3092
3,9,716,8,10365
3,9,148,5,1256
3,9,94,4,49
3,9,484,8,36238
3,9,32,4,1381
3,9,214,7,32905
3,9,844,8,1155
3,9,154,7,4994
3,9,226,6,7565
3,9,960,8,16
3,9,212,6,11745
3,9,760,8,3687
3,9,462,8,50950
3,9,834,8,1161
3,9,578,8,23234
3,9,438,8,54129
3,9,564,8,36883
3,9,470,8,48884
3,9,78,6,788
3,9,38,3,1179
3,9,320,7,30291
3,9,906,8,48
3,9,530,8,31105
3,9,814,8,6157
3,9,286,6,271
3,9,208,6,14599
3,9,566,8,38896
3,9,198,6,16140
3,9,40,5,124
3,9,176,7,17220
3,9,408,7,11265
3,9,694,8,16937
3,9,412,8,48001
3,9,58,4,5894
3,9,492,8,46529
3,9,692,8,15845
3,9,164,7,10547
3,9,320,8,26475
3,9,268,7,33999
3,9,864,8,905
3,9,144,7,1146
3,9,690,8,17235
3,9,972,8,5
3,9,160,6,30360
3,9,512,8,23461
3,9,278,8,3113
3,9,656,8,17747
3,9,772,8,694
3,9,482,8,41029
3,9,298,6,64
3,9,394,8,29688
3,9,206,6,15999
3,9,352,7,25077
3,9,296,7,33449
3,9,294,8,11499
3,9,980,8,2
3,9,610,8,24303
3,9,82,6,1810
3,9,770,8,388
3,9,374,8,41395
3,9,296,6,72
3,9,314,8,22953
3,9,132,6,26021
3,9,858,8,1345
3,9,458,8,37339
3,9,34,4,1933
3,9,444,8,53602
3,9,508,7,157
3,9,158,5,405
3,9,52,5,2626
3,9,122,5,7272
3,9,296,8,12555
3,9,516,8,19421
3,9,580,8,21709
3,9,196,7,26023
3,9,248,7,42351
3,9,464,7,3052
3,9,806,8,5266
3,9,364,8,38248
3,9,188,6,22166
3,9,498,7,322
3,9,62,5,7486
3,9,700,8,14792
3,9,384,8,43309
3,9,122,6,22982
3,9,804,8,5587
3,9,606,8,37968
3,9,202,6,13870
3,9,398,8,40213
3,9,750,8,8135
3,9,98,6,9516
3,9,376,7,18319
3,9,62,4,5182
3,9,80,4,1242
3,9,288,8,8453
3,9,674,8,18722
3,9,934,8,93
3,9,400,8,38460
3,9,386,8,36589
3,9,730,8,11886
3,9,312,8,22023
3,9,824,8,3981
3,9,926,8,246
3,9,778,8,1261
3,9,474,8,52376
3,9,4,1,8
3,9,182,6,22694
3,9,608,8,31750
3,9,82,5,15381
3,9,146,5,1552
3,9,348,7,26773
3,9,436,8,50442
3,9,584,8,22651
3,9,274,8,1638
3,9,618,8,24387
3,9,312,7,36517
3,9,142,5,2614
3,9,426,7,6867
3,9,134,5,4158
3,9,228,6,7007
3,9,518,7,19
3,9,938,8,74
3,9,262,6,1271
3,9,416,7,9217
3,9,484,7,1010
3,9,40,4,3946
3,9,952,8,43
3,9,382,8,44522
3,9,358,8,37545
3,9,252,7,41807
3,9,448,8,51260
3,9,10,2,69
3,9,256,7,43280
3,9,322,7,23523
3,9,870,8,440
3,9,490,8,39929
3,9,30,2,5
3,9,214,6,11819
3,9,258,7,36592
3,9,534,7,89
3,9,326,8,25635
3,9,172,6,24366
3,9,452,7,1545
3,9,90,5,15684
3,9,524,7,80
3,9,266,6,1040
3,9,202,7,26399
3,9,270,8,584
3,9,324,8,26023
3,9,586,8,23600
3,9,892,8,148
3,9,756,8,5105
3,9,902,8,19
3,9,562,8,37636
3,9,636,8,18033
3,9,464,8,49213
3,9,86,5,15413
3,9,560,8,42873
3,9,974,8,2
3,9,976,8,2
3,9,224,6,9734
3,9,216,6,12188
3,9,146,6,27594
3,9,254,6,3778
3,9,44,4,5114
3,9,184,7,22054
3,9,508,8,37084
3,9,666,8,23205
3,9,194,7,26813
3,9,124,5,7009
3,9,638,8,15807
3,9,272,6,1074
3,9,644,8,7891
3,9,368,7,22097
3,9,54,3,28
3,9,424,8,46163
3,9,308,7,33322
3,9,180,7,19540
3,9,104,6,12636
3,9,624,8,26092
3,9,152,7,4072
3,9,390,7,6354
3,9,494,8,50988
3,9,546,7,17
3,9,522,7,48
3,9,488,7,764
3,9,888,8,194
3,9,140,5,2807
3,9,228,7,36616
3,9,172,7,14753
3,9,134,6,25621
3,9,524,8,29773
3,9,64,5,8705
3,9,242,6,5711
3,9,528,8,33506
3,9,936,8,102
3,9,514,7,19
3,9,42,5,276
3,9,24,3,998
3,9,236,7,38194
3,9,904,8,33
3,9,468,8,46447
3,9,600,8,37090
3,9,544,7,33
3,9,378,8,41645
3,9,176,6,25865
3,9,514,8,13435
3,9,178,7,18644
3,9,36,3,1350
3,9,470,7,2772
3,9,556,8,40300
3,9,856,8,1422
3,9,210,6,12282
3,9,550,8,32840
3,9,178,6,23474
3,9,348,8,36945
3,9,574,8,35213
3,9,688,8,20730
3,9,66,5,9541
3,9,848,8,1431
3,9,468,7,2734
3,9,370,8,41364
3,9,642,8,6436
3,9,172,5,18
3,9,504,8,41644
3,9,44,5,520
3,9,236,6,6897
3,9,740,8,6235
3,9,698,8,14918
3,9,390,8,33267
3,9,330,8,26398
3,9,46,3,387
3,9,26,4,315
3,9,244,6,4970
3,9,502,8,40839
3,9,18,2,175
3,9,504,7,199
3,9,142,7,690
3,9,302,6,52
3,9,776,8,938
3,9,56,5,4287
3,9,234,7,37626
3,9,462,7,2589
3,9,540,7,63
3,9,246,6,4876
3,9,150,6,27738
3,9,302,7,39452
3,9,14,2,136
3,9,48,5,1350
3,9,306,8,18618
3,9,112,6,17218
3,9,40,3,1005
3,9,174,6,26504
3,9,208,7,31128
3,9,392,8,31695
3,9,302,8,15755
3,9,72,4,2972
3,9,350,7,27245
3,9,210,7,30847
3,9,94,6,7395
3,9,330,7,21783
3,9,276,7,33386
3,9,192,6,22127
3,9,660,8,19383
3,9,392,7,7093
3,9,434,7,6309
3,9,442,7,4880
3,9,138,6,25935
3,9,950,8,44
3,9,260,7,29747
3,9,74,6,219
3,9,476,7,2498
3,9,732,8,12064
3,9,36,4,2596
3,9,768,8,989
3,9,916,8,197
3,9,788,8,5922
3,9,406,7,10812
3,9,8,2,39
3,9,396,7,10043
3,9,362,8,37691
3,9,148,6,25907
3,9,24,2,93
3,9,110,5,11483
3,9,620,8,27390
3,9,48,3,244
3,9,474,7,2674
3,9,388,8,29690
3,9,554,8,36820
3,9,472,7,2873
3,9,136,5,3716
3,9,30,4,898
3,9,360,8,38034
3,9,910,8,116
3,9,288,7,38448
3,9,548,8,32095
3,9,782,8,3501
3,9,14,3,82
3,9,422,8,44055
3,9,58,3,3
3,9,6,1,10
3,9,160,5,299
3,9,328,7,22028
3,9,346,7,26669
3,9,544,8,38691
3,9,116,6,19540
3,9,252,6,3953
3,9,588,8,29116
3,9,204,7,25717
3,9,364,7,21022
3,9,72,5,12429
3,9,676,8,16217
3,9,682,8,17653
3,9,672,8,22640
3,9,262,7,33232
3,9,496,8,47453
3,9,294,7,32225
3,9,880,8,397
3,9,42,4,4558
3,9,460,7,2101
3,9,900,8,29
3,9,92,4,113
3,9,110,6,15780
3,9,572,8,36334
3,9,790,8,6706
3,9,416,8,49073
3,9,56,3,7
3,9,480,8,50822
3,9,130,6,26812
3,9,968,8,7
3,9,836,8,1063
3,9,240,7,43785
3,9,158,7,7274
3,9,184,6,23184
3,9,58,5,5256
3,9,446,8,57293
3,9,342,8,32947
3,9,148,7,2387
3,9,830,8,2494
3,9,734,8,12393
3,9,418,8,44325
3,9,358,7,18371
3,9,542,8,41995
3,9,744,8,6426
3,9,256,6,2937
3,9,748,8,7747
3,9,720,8,12542
3,9,274,7,32499
3,9,466,7,2989
3,9,232,6,6573
3,9,510,7,34
3,9,506,7,129
3,9,286,7,42714
3,9,186,7,22993
3,9,652,8,12384
3,9,8,1,4
3,9,340,7,24740
3,9,576,8,30370
3,9,534,8,37653
3,9,166,6,25612
3,9,54,4,6291
3,9,538,8,39598
3,9,106,6,13465
3,9,142,6,27089
3,9,450,7,1746
3,9,874,8,479
3,9,16,2,166
3,9,156,5,546
3,9,100,5,14361
3,9,200,7,26099
3,9,60,5,6345
3,9,448,7,2907
3,9,612,8,22976
3,9,872,8,512
3,9,140,6,24733
3,9,174,7,15780
3,9,118,5,8792
3,9,444,7,4639
3,9,840,8,874
3,9,166,5,60
3,9,310,8,20567
3,9,16,3,164
3,9,532,8,33538
3,9,92,6,6233
3,9,192,7,26499
3,9,304,8,17196
3,9,668,8,23641
3,9,726,8,12377
3,9,88,5,15787
3,9,264,6,1182
3,9,12,3,36
3,9,316,8,23491
3,9,240,6,6759
3,9,506,8,36715
3,9,438,7,5874
3,9,436,7,6006
3,9,962,8,5
3,9,102,6,11605
3,9,780,8,2131
3,9,520,7,33
3,9,284,7,39652
3,9,428,8,50330
3,9,108,5,11367
3,9,396,8,34668
3,9,914,8,194
3,9,20,4,26
3,9,206,7,28752
3,9,736,8,8237
3,9,128,6,26492
3,9,276,6,740
3,9,282,8,4957
3,9,718,8,11563
3,9,828,8,3275
3,9,602,8,35812
3,9,84,6,2530
3,9,130,5,5494
3,9,60,4,5681
3,9,170,7,13450
4,4,32,2,8597
4,4,78,3,319526
4,4,10,3,24
4,4,34,3,187499
4,4,30,3,87525
4,4,66,3,1398860
4,4,32,3,130380
4,4,28,2,8952
4,4,92,3,1571
4,4,26,2,8419
4,4,44,3,734897
4,4,74,3,646406
4,4,38,2,4346
4,4,60,3,1656782
4,4,22,2,5922
4,4,94,3,318
4,4,62,3,1617354
4,4,6,2,33
4,4,26,3,34297
4,4,72,3,841744
4,4,52,3,1369262
4,4,20,2,4555
4,4,34,2,7376
4,4,44,2,939
4,4,36,2,6032
4,4,28,3,56357
4,4,86,3,31408
4,4,12,2,714
4,4,22,3,10656
4,4,96,3,29
4,4,18,3,2468
4,4,50,2,31
4,4,42,3,589857
4,4,10,1,6
4,4,48,2,177
4,4,90,3,5070
4,4,20,3,5330
4,4,50,3,1218391
4,4,84,3,64457
4,4,38,3,351688
4,4,40,2,2799
4,4,4,1,21
4,4,46,2,386
4,4,10,2,356
4,4,30,2,9087
4,4,80,3,203334
4,4,54,3,1495187
4,4,24,3,19763
4,4,36,3,260597
4,4,42,2,1797
4,4,70,3,1041329
4,4,46,3,892705
4,4,18,2,3225
4,4,14,2,1259
4,4,40,3,461966
4,4,8,2,145
4,4,24,2,7321
4,4,88,3,13535
4,4,48,3,1056030
4,4,76,3,469112
4,4,14,3,400
4,4,58,3,1647634
4,4,6,1,35
4,4,64,3,1530275
4,4,56,3,1591238
4,4,8,1,25
4,4,16,2,2104
4,4,68,3,1232145
4,4,16,3,1059
4,4,12,3,124
4,4,82,3,119573
4,5,82,4,43210795
4,5,32,2,8597
4,5,108,4,57618159
4,5,154,4,766906
4,5,98,4,62663572
4,5,78,3,319526
4,5,10,3,24
4,5,84,4,46874625
4,5,34,3,187499
4,5,24,4,1059
4,5,90,4,56248718
4,5,38,4,134106
4,5,30,3,87525
4,5,66,3,1398860
4,5,32,3,130380
4,5,160,4,205515
4,5,46,4,820987
4,5,136,4,10766143
4,5,142,4,5289587
4,5,28,2,8952
4,5,48,4,1204496
4,5,92,3,1571
4,5,68,4,17499088
4,5,86,4,50299541
4,5,26,2,8419
4,5,44,3,734897
4,5,100,4,62812882
4,5,74,3,646406
4,5,70,4,20742059
4,5,38,2,4346
4,5,28,4,5680
4,5,52,4,2422602
4,5,60,3,1656782
4,5,22,2,5922
4,5,64,4,11902712
4,5,88,4,53446456
4,5,94,3,318
4,5,62,3,1617354
4,5,6,2,33
4,5,26,3,34297
4,5,72,3,841744
4,5,104,4,61373511
4,5,52,3,1369262
4,5,20,2,4555
4,5,34,2,7376
4,5,22,4,400
4,5,74,4,27872644
4,5,44,2,939
4,5,134,4,13151048
4,5,36,2,6032
4,5,28,3,56357
4,5,86,3,31408
4,5,66,4,14552869
4,5,180,4,143
4,5,12,2,714
4,5,22,3,10656
4,5,96,3,29
4,5,96,4,61892589
4,5,18,3,2468
4,5,50,2,31
4,5,42,3,589857
4,5,10,1,6
4,5,76,4,31669316
4,5,48,2,177
4,5,90,3,5070
4,5,56,4,4460679
4,5,20,3,5330
4,5,140,4,6817980
4,5,130,4,18966831
4,5,102,4,62380433
4,5,128,4,22233149
4,5,50,3,1218391
4,5,84,3,64457
4,5,78,4,35540434
4,5,110,4,55074310
4,5,50,4,1726315
4,5,164,4,73040
4,5,94,4,60498699
4,5,32,4,23302
4,5,106,4,59731075
4,5,38,3,351688
4,5,58,4,5871001
4,5,152,4,1122085
4,5,158,4,330550
4,5,176,4,1076
4,5,34,4,43592
4,5,62,4,9568130
4,5,116,4,45027957
4,5,80,4,39403367
4,5,146,4,3018342
4,5,40,2,2799
4,5,144,4,4045361
4,5,4,1,21
4,5,122,4,33391296
4,5,46,2,386
4,5,156,4,508748
4,5,40,4,221198
4,5,10,2,356
4,5,126,4,25791713
4,5,30,2,9087
4,5,118,4,41230645
4,5,166,4,41466
4,5,124,4,29573932
4,5,80,3,203334
4,5,44,4,545456
4,5,54,3,1495187
4,5,184,4,13
4,5,168,4,22284
4,5,24,3,19763
4,5,36,3,260597
4,5,42,2,1797
4,5,70,3,1041329
4,5,46,3,892705
4,5,26,4,2524
4,5,18,2,3225
4,5,148,4,2211749
4,5,178,4,367
4,5,150,4,1596193
4,5,14,2,1259
4,5,40,3,461966
4,5,72,4,24221958
4,5,114,4,48618460
4,5,172,4,5640
4,5,112,4,52024431
4,5,36,4,78364
4,5,8,2,145
4,5,24,2,7321
4,5,88,3,13535
4,5,48,3,1056030
4,5,76,3,469112
4,5,30,4,11902
4,5,138,4,8649778
4,5,14,3,400
4,5,58,3,1647634
4,5,6,1,35
4,5,174,4,2453
4,5,42,4,353035
4,5,92,4,58606282
4,5,64,3,1530275
4,5,56,3,1591238
4,5,132,4,15916525
4,5,182,4,26
4,5,8,1,25
4,5,54,4,3323177
4,5,16,2,2104
4,5,68,3,1232145
4,5,16,3,1059
4,5,162,4,124700
4,5,170,4,11525
4,5,12,3,124
4,5,82,3,119573
4,5,20,4,100
4,5,120,4,37256691
4,5,60,4,7567524
4,6,82,4,43210795
4,6,32,2,8597
4,6,108,4,57618159
4,6,116,5,330041914
4,6,154,4,766906
4,6,152,5,809323922
4,6,326,5,3168
4,6,98,4,62663572
4,6,316,5,25210
4,6,78,3,319526
4,6,10,3,24
4,6,128,5,517983757
4,6,84,4,46874625
4,6,34,3,187499
4,6,180,5,795433541
4,6,24,4,1059
4,6,178,5,810215388
4,6,154,5,822754787
4,6,196,5,623542930
4,6,90,4,56248718
4,6,204,5,516715641
4,6,174,5,832984435
4,6,38,4,134106
4,6,84,5,28188682
4,6,30,3,87525
4,6,252,5,56784613
4,6,66,3,1398860
4,6,94,5,78491776
4,6,54,5,135307
4,6,314,5,37770
4,6,32,3,130380
4,6,160,4,205515
4,6,162,5,853792082
4,6,46,4,820987
4,6,136,4,10766143
4,6,142,4,5289587
4,6,28,2,8952
4,6,96,5,93271018
4,6,48,4,1204496
4,6,238,5,135178539
4,6,294,5,887072
4,6,92,3,1571
4,6,336,5,194
4,6,302,5,284344
4,6,76,5,9924527
4,6,164,5,856386976
4,6,68,4,17499088
4,6,144,5,736636353
4,6,86,4,50299541
4,6,26,2,8419
4,6,192,5,673877465
4,6,44,3,734897
4,6,100,4,62812882
4,6,284,5,3044377
4,6,50,5,43592
4,6,150,5,794222177
4,6,74,3,646406
4,6,70,4,20742059
4,6,214,5,384024591
4,6,276,5,7349210
4,6,38,2,4346
4,6,106,5,192990971
4,6,168,5,854268077
4,6,28,4,5680
4,6,286,5,2382979
4,6,232,5,182809723
4,6,52,4,2422602
4,6,296,5,689137
4,6,320,5,12611
4,6,60,3,1656782
4,6,80,5,17183625
4,6,22,2,5922
4,6,280,5,4807336
4,6,70,5,3887190
4,6,64,4,11902712
4,6,88,4,53446456
4,6,94,3,318
4,6,236,5,150116595
4,6,344,5,7
4,6,62,3,1617354
4,6,6,2,33
4,6,26,3,34297
4,6,72,3,841744
4,6,104,4,61373511
4,6,98,5,109801182
4,6,52,3,1369262
4,6,328,5,1901
4,6,246,5,84088173
4,6,132,5,578857593
4,6,120,5,391642066
4,6,20,2,4555
4,6,34,2,7376
4,6,268,5,15883655
4,6,22,4,400
4,6,74,4,27872644
4,6,334,5,371
4,6,266,5,18985525
4,6,44,2,939
4,6,134,4,13151048
4,6,170,5,849960999
4,6,102,5,148008829
4,6,342,5,10
4,6,114,5,300500078
4,6,36,2,6032
4,6,38,5,316
4,6,74,5,7379125
4,6,188,5,717879070
4,6,262,5,26395890
4,6,224,5,263753415
4,6,28,3,56357
4,6,86,3,31408
4,6,66,4,14552869
4,6,126,5,486643950
4,6,180,4,143
4,6,12,2,714
4,6,346,5,4
4,6,176,5,822424342
4,6,338,5,71
4,6,22,3,10656
4,6,96,3,29
4,6,322,5,6894
4,6,222,5,286755246
4,6,92,5,65365113
4,6,96,4,61892589
4,6,18,3,2468
4,6,330,5,792
4,6,50,2,31
4,6,42,3,589857
4,6,10,1,6
4,6,76,4,31669316
4,6,112,5,271827254
4,6,220,5,309052682
4,6,48,2,177
4,6,90,3,5070
4,6,234,5,165720072
4,6,56,4,4460679
4,6,20,3,5330
4,6,140,4,6817980
4,6,68,5,2747767
4,6,130,4,18966831
4,6,102,4,62380433
4,6,198,5,597972039
4,6,78,5,13142230
4,6,128,4,22233149
4,6,50,3,1218391
4,6,104,5,169648709
4,6,46,5,11902
4,6,84,3,64457
4,6,78,4,35540434
4,6,110,4,55074310
4,6,50,4,1726315
4,6,138,5,664053917
4,6,300,5,382631
4,6,164,4,73040
4,6,248,5,73688949
4,6,148,5,776818358
4,6,94,4,60498699
4,6,32,4,23302
4,6,106,4,59731075
4,6,38,3,351688
4,6,40,5,1059
4,6,298,5,516369
4,6,210,5,436986980
4,6,278,5,5937292
4,6,58,4,5871001
4,6,152,4,1122085
4,6,288,5,1899383
4,6,158,4,330550
4,6,348,5,4
4,6,226,5,241495406
4,6,264,5,22347685
4,6,176,4,1076
4,6,34,4,43592
4,6,290,5,1499866
4,6,158,5,842290859
4,6,52,5,78645
4,6,122,5,423043132
4,6,308,5,111583
4,6,250,5,64888108
4,6,62,5,867814
4,6,206,5,490657067
4,6,62,4,9568130
4,6,256,5,41965057
4,6,116,4,45027957
4,6,80,4,39403367
4,6,146,4,3018342
4,6,40,2,2799
4,6,144,4,4045361
4,6,4,1,21
4,6,122,4,33391296
4,6,46,2,386
4,6,156,4,508748
4,6,82,5,22165755
4,6,146,5,757472469
4,6,260,5,31007913
4,6,142,5,714412577
4,6,134,5,608494472
4,6,40,4,221198
4,6,10,2,356
4,6,126,4,25791713
4,6,30,2,9087
4,6,228,5,221145374
4,6,118,4,41230645
4,6,270,5,13106436
4,6,190,5,695678461
4,6,90,5,53889209
4,6,254,5,49008094
4,6,304,5,217506
4,6,258,5,36207269
4,6,166,4,41466
4,6,86,5,35422027
4,6,124,4,29573932
4,6,182,5,778351630
4,6,80,3,203334
4,6,44,4,545456
4,6,124,5,454771350
4,6,54,3,1495187
4,6,184,4,13
4,6,244,5,95179515
4,6,202,5,543655992
4,6,140,5,690213914
4,6,274,5,8985325
4,6,64,5,1299069
4,6,168,4,22284
4,6,42,5,2524
4,6,24,3,19763
4,6,36,3,260597
4,6,42,2,1797
4,6,66,5,1906144
4,6,172,5,842440580
4,6,44,5,5680
4,6,70,3,1041329
4,6,46,3,892705
4,6,26,4,2524
4,6,212,5,409841499
4,6,18,2,3225
4,6,242,5,106978154
4,6,148,4,2211749
4,6,56,5,224560
4,6,292,5,1153508
4,6,178,4,367
4,6,200,5,571485110
4,6,150,4,1596193
4,6,216,5,358199859
4,6,14,2,1259
4,6,48,5,23302
4,6,310,5,78715
4,6,40,3,461966
4,6,340,5,78
4,6,72,4,24221958
4,6,114,4,48618460
4,6,186,5,740350663
4,6,184,5,760309100
4,6,172,4,5640
4,6,112,4,52024431
4,6,240,5,120377012
4,6,36,4,78364
4,6,332,5,756
4,6,8,2,145
4,6,24,2,7321
4,6,88,3,13535
4,6,110,5,244134397
4,6,48,3,1056030
4,6,76,3,469112
4,6,218,5,332316845
4,6,136,5,636725654
4,6,30,4,11902
4,6,138,4,8649778
4,6,14,3,400
4,6,58,3,1647634
4,6,6,1,35
4,6,160,5,848430242
4,6,174,4,2453
4,6,72,5,5397679
4,6,272,5,10793141
4,6,42,4,353035
4,6,92,4,58606282
4,6,64,3,1530275
4,6,56,3,1591238
4,6,132,4,15916525
4,6,58,5,361851
4,6,306,5,157013
4,6,182,4,26
4,6,282,5,3889151
4,6,194,5,649263415
4,6,318,5,17582
4,6,8,1,25
4,6,54,4,3323177
4,6,16,2,2104
4,6,156,5,834038772
4,6,100,5,128076249
4,6,60,5,566877
4,6,230,5,201624165
4,6,68,3,1232145
4,6,118,5,360483129
4,6,166,5,856111822
4,6,16,3,1059
4,6,162,4,124700
4,6,88,5,43965501
4,6,170,4,11525
4,6,12,3,124
4,6,82,3,119573
4,6,108,5,217810556
4,6,20,4,100
4,6,312,5,58205
4,6,120,4,37256691
4,6,324,5,4819
4,6,208,5,464448491
4,6,130,5,548586346
4,6,60,4,7567524
