i,j,probability
0,1,0.81
0,2,0.18000000000000002
0,4,0.010000000000000002
1,2,0.9
1,4,0.1
2,3,0.9
2,5,0.1
3,5,0.9
3,8,0.1
4,6,0.9
4,9,0.1
5,7,0.9
5,10,0.1
6,7,0.9
6,10,0.1
7,10,0.9
7,12,0.1
8,10,0.9
8,12,0.1
9,10,0.9
9,12,0.1
10,11,0.9
10,13,0.1
11,13,0.9
11,17,0.1
12,14,0.9
12,18,0.1
13,15,0.9
13,19,0.1
14,16,0.9
14,20,0.1
15,20,0.9
15,23,0.1
16,20,0.9
16,23,0.1
17,19,0.9
17,22,0.1
18,20,0.9
18,23,0.1
19,21,0.9
19,24,0.1
20,21,0.9
20,24,0.1
21,24,0.9
21,27,0.1
22,25,0.9
22,28,0.1
23,25,0.9
23,28,0.1
24,26,0.9
24,29,0.1
25,26,0.9
25,29,0.1
26,29,0.9
26,31,0.1
27,29,0.9
27,31,0.1
28,29,0.9
28,31,0.1
29,30,0.9
29,32,0.1
30,32,0.9
30,36,0.1
31,33,0.9
31,37,0.1
32,34,0.9
32,38,0.1
33,35,0.9
33,39,0.1
34,39,0.9
34,44,0.1
35,40,0.9
35,45,0.1
36,38,0.9
36,43,0.1
37,39,0.9
37,44,0.1
38,41,0.9
38,46,0.1
39,42,0.9
39,47,0.1
40,42,0.9
40,47,0.1
41,47,0.9
41,51,0.1
42,47,0.9
42,51,0.1
43,48,0.9
43,52,0.1
44,49,0.9
44,53,0.1
45,49,0.9
45,53,0.1
46,50,0.9
46,54,0.1
47,50,0.9
47,54,0.1
48,50,0.9
48,54,0.1
49,50,0.9
49,54,0.1
50,54,0.9
50,56,0.1
51,54,0.9
51,56,0.1
52,54,0.9
52,56,0.1
53,54,0.9
53,56,0.1
54,55,0.9
54,57,0.1
55,57,0.9
55,61,0.1
56,58,0.9
56,62,0.1
57,59,0.9
57,63,0.1
58,60,0.9
58,64,0.1
59,64,0.9
59,67,0.1
60,64,0.9
60,67,0.1
61,63,0.9
61,66,0.1
62,64,0.9
62,67,0.1
63,65,0.9
63,68,0.1
64,65,0.9
64,68,0.1
65,68,0.9
65,71,0.1
66,69,0.9
66,72,0.1
67,69,0.9
67,72,0.1
68,70,0.9
68,73,0.1
69,70,0.9
69,73,0.1
70,73,0.9
70,75,0.1
71,73,0.9
71,75,0.1
72,73,0.9
72,75,0.1
73,74,0.9
73,76,0.1
74,76,0.9
74,80,0.1
75,77,0.9
75,81,0.1
76,78,0.9
76,82,0.1
77,79,0.9
77,83,0.1
78,83,0.9
78,89,0.1
79,84,0.9
79,90,0.1
80,82,0.9
80,88,0.1
81,83,0.9
81,89,0.1
82,85,0.9
82,91,0.1
83,86,0.9
83,92,0.1
84,87,0.9
84,93,0.1
85,92,0.9
85,99,0.1
86,93,0.9
86,100,0.1
87,93,0.9
87,100,0.1
88,94,0.9
88,101,0.1
89,95,0.9
89,102,0.1
90,96,0.9
90,103,0.1
91,97,0.9
91,104,0.1
92,98,0.9
92,105,0.1
93,98,0.9
93,105,0.1
94,97,0.9
94,104,0.1
95,98,0.9
95,105,0.1
96,98,0.9
96,105,0.1
97,105,0.9
97,108,0.1
98,105,0.9
98,108,0.1
99,105,0.9
99,108,0.1
100,105,0.9
100,108,0.1
101,104,0.9
101,107,0.1
102,105,0.9
102,108,0.1
103,105,0.9
103,108,0.1
104,106,0.9
104,109,0.1
105,106,0.9
105,109,0.1
106,109,0.9
106,113,0.1
107,110,0.9
107,114,0.1
108,110,0.9
108,114,0.1
109,111,0.9
109,115,0.1
110,112,0.9
110,116,0.1
111,116,0.9
111,119,0.1
112,116,0.9
112,119,0.1
113,115,0.9
113,118,0.1
114,116,0.9
114,119,0.1
115,117,0.9
115,120,0.1
116,117,0.9
116,120,0.1
117,120,0.9
117,123,0.1
118,121,0.9
118,124,0.1
119,121,0.9
119,124,0.1
120,122,0.9
120,125,0.1
121,122,0.9
121,125,0.1
122,125,0.9
122,127,0.1
123,125,0.9
123,127,0.1
124,125,0.9
124,127,0.1
125,126,0.9
125,128,0.1
126,128,0.9
126,132,0.1
127,129,0.9
127,133,0.1
128,130,0.9
128,134,0.1
129,131,0.9
129,135,0.1
130,135,0.9
130,140,0.1
131,136,0.9
131,141,0.1
132,134,0.9
132,139,0.1
133,135,0.9
133,140,0.1
134,137,0.9
134,142,0.1
135,138,0.9
135,143,0.1
136,138,0.9
136,143,0.1
137,143,0.9
137,147,0.1
138,143,0.9
138,147,0.1
139,144,0.9
139,148,0.1
140,145,0.9
140,149,0.1
141,145,0.9
141,149,0.1
142,146,0.9
142,150,0.1
143,146,0.9
143,150,0.1
144,146,0.9
144,150,0.1
145,146,0.9
145,150,0.1
146,150,0.9
146,152,0.1
147,150,0.9
147,152,0.1
148,150,0.9
148,152,0.1
149,150,0.9
149,152,0.1
150,151,0.9
150,153,0.1
151,153,0.9
151,157,0.1
152,154,0.9
152,158,0.1
153,155,0.9
153,159,0.1
154,156,0.9
154,160,0.1
155,160,0.9
155,163,0.1
156,160,0.9
156,163,0.1
157,159,0.9
157,162,0.1
158,160,0.9
158,163,0.1
159,161,0.9
159,164,0.1
160,161,0.9
160,164,0.1
161,164,0.9
161,167,0.1
162,165,0.9
162,168,0.1
163,165,0.9
163,168,0.1
164,166,0.9
164,169,0.1
165,166,0.9
165,169,0.1
166,169,0.9
166,171,0.1
167,169,0.9
167,171,0.1
168,169,0.9
168,171,0.1
169,170,0.9
169,172,0.1
170,172,0.9
170,176,0.1
171,173,0.9
171,177,0.1
172,174,0.9
172,178,0.1
173,175,0.9
173,179,0.1
174,179,0.9
174,185,0.1
175,180,0.9
175,186,0.1
176,178,0.9
176,184,0.1
177,179,0.9
177,185,0.1
178,181,0.9
178,187,0.1
179,182,0.9
179,188,0.1
180,183,0.9
180,189,0.1
181,188,0.9
181,197,0.1
182,189,0.9
182,198,0.1
183,190,0.9
183,199,0.1
184,191,0.9
184,200,0.1
185,192,0.9
185,201,0.1
186,193,0.9
186,202,0.1
187,194,0.9
187,203,0.1
188,195,0.9
188,204,0.1
189,196,0.9
189,205,0.1
190,196,0.9
190,205,0.1
191,194,0.9
191,203,0.1
192,195,0.9
192,204,0.1
193,196,0.9
193,205,0.1
194,204,0.9
194,209,0.1
195,205,0.9
195,210,0.1
196,205,0.9
196,210,0.1
197,204,0.9
197,209,0.1
198,205,0.9
198,210,0.1
199,205,0.9
199,210,0.1
200,203,0.9
200,208,0.1
201,204,0.9
201,209,0.1
202,205,0.9
202,210,0.1
203,206,0.9
203,211,0.1
204,207,0.9
204,212,0.1
205,207,0.9
205,212,0.1
206,212,0.9
206,217,0.1
207,212,0.9
207,217,0.1
208,213,0.9
208,218,0.1
209,214,0.9
209,219,0.1
210,214,0.9
210,219,0.1
211,215,0.9
211,220,0.1
212,215,0.9
212,220,0.1
213,216,0.9
213,221,0.1
214,216,0.9
214,221,0.1
215,221,0.9
215,224,0.1
216,221,0.9
216,224,0.1
217,220,0.9
217,223,0.1
218,221,0.9
218,224,0.1
219,221,0.9
219,224,0.1
220,222,0.9
220,225,0.1
221,222,0.9
221,225,0.1
222,225,0.9
222,228,0.1
223,226,0.9
223,229,0.1
224,226,0.9
224,229,0.1
225,227,0.9
225,230,0.1
226,227,0.9
226,230,0.1
227,230,0.9
227,232,0.1
228,230,0.9
228,232,0.1
229,230,0.9
229,232,0.1
230,231,0.9
230,233,0.1
231,233,0.9
231,237,0.1
232,234,0.9
232,238,0.1
233,235,0.9
233,239,0.1
234,236,0.9
234,240,0.1
235,240,0.9
235,245,0.1
236,241,0.9
236,246,0.1
237,239,0.9
237,244,0.1
238,240,0.9
238,245,0.1
239,242,0.9
239,247,0.1
240,243,0.9
240,248,0.1
241,243,0.9
241,248,0.1
242,248,0.9
242,252,0.1
243,248,0.9
243,252,0.1
244,249,0.9
244,253,0.1
245,250,0.9
245,254,0.1
246,250,0.9
246,254,0.1
247,251,0.9
247,255,0.1
248,251,0.9
248,255,0.1
249,251,0.9
249,255,0.1
250,251,0.9
250,255,0.1
251,255,0.9
251,257,0.1
252,255,0.9
252,257,0.1
253,255,0.9
253,257,0.1
254,255,0.9
254,257,0.1
255,256,0.9
255,258,0.1
256,258,0.9
256,262,0.1
257,259,0.9
257,263,0.1
258,260,0.9
258,264,0.1
259,261,0.9
259,265,0.1
260,265,0.9
260,268,0.1
261,265,0.9
261,268,0.1
262,264,0.9
262,267,0.1
263,265,0.9
263,268,0.1
264,266,0.9
264,269,0.1
265,266,0.9
265,269,0.1
266,269,0.9
266,272,0.1
267,270,0.9
267,273,0.1
268,270,0.9
268,273,0.1
269,271,0.9
269,274,0.1
270,271,0.9
270,274,0.1
271,274,0.9
271,276,0.1
272,274,0.9
272,276,0.1
273,274,0.9
273,276,0.1
274,275,0.9
274,277,0.1
275,277,0.9
275,281,0.1
276,278,0.9
276,282,0.1
277,279,0.9
277,283,0.1
278,280,0.9
278,284,0.1
279,284,0.9
279,290,0.1
280,285,0.9
280,291,0.1
281,283,0.9
281,289,0.1
282,284,0.9
282,290,0.1
283,286,0.9
283,292,0.1
284,287,0.9
284,293,0.1
285,288,0.9
285,294,0.1
286,293,0.9
286,300,0.1
287,294,0.9
287,301,0.1
288,294,0.9
288,301,0.1
289,295,0.9
289,302,0.1
290,296,0.9
290,303,0.1
291,297,0.9
291,304,0.1
292,298,0.9
292,305,0.1
293,299,0.9
293,306,0.1
294,299,0.9
294,306,0.1
295,298,0.9
295,305,0.1
296,299,0.9
296,306,0.1
297,299,0.9
297,306,0.1
298,306,0.9
298,309,0.1
299,306,0.9
299,309,0.1
300,306,0.9
300,309,0.1
301,306,0.9
301,309,0.1
302,305,0.9
302,308,0.1
303,306,0.9
303,309,0.1
304,306,0.9
304,309,0.1
305,307,0.9
305,310,0.1
306,307,0.9
306,310,0.1
307,310,0.9
307,314,0.1
308,311,0.9
308,315,0.1
309,311,0.9
309,315,0.1
310,312,0.9
310,316,0.1
311,313,0.9
311,317,0.1
312,317,0.9
312,320,0.1
313,317,0.9
313,320,0.1
314,316,0.9
314,319,0.1
315,317,0.9
315,320,0.1
316,318,0.9
316,321,0.1
317,318,0.9
317,321,0.1
318,321,0.9
318,324,0.1
319,322,0.9
319,325,0.1
320,322,0.9
320,325,0.1
321,323,0.9
321,326,0.1
322,323,0.9
322,326,0.1
323,326,0.9
323,328,0.1
324,326,0.9
324,328,0.1
325,326,0.9
325,328,0.1
326,327,0.9
326,329,0.1
327,329,0.9
327,333,0.1
328,330,0.9
328,334,0.1
329,331,0.9
329,335,0.1
330,332,0.9
330,336,0.1
331,336,0.9
331,341,0.1
332,337,0.9
332,342,0.1
333,335,0.9
333,340,0.1
334,336,0.9
334,341,0.1
335,338,0.9
335,343,0.1
336,339,0.9
336,344,0.1
337,339,0.9
337,344,0.1
338,344,0.9
338,348,0.1
339,344,0.9
339,348,0.1
340,345,0.9
340,349,0.1
341,346,0.9
341,350,0.1
342,346,0.9
342,350,0.1
343,347,0.9
343,351,0.1
344,347,0.9
344,351,0.1
345,347,0.9
345,351,0.1
346,347,0.9
346,351,0.1
347,351,0.9
347,353,0.1
348,351,0.9
348,353,0.1
349,351,0.9
349,353,0.1
350,351,0.9
350,353,0.1
351,352,0.9
351,354,0.1
352,354,0.9
352,358,0.1
353,355,0.9
353,359,0.1
354,356,0.9
354,360,0.1
355,357,0.9
355,361,0.1
356,361,0.9
356,364,0.1
357,361,0.9
357,364,0.1
358,360,0.9
358,363,0.1
359,361,0.9
359,364,0.1
360,362,0.9
360,365,0.1
361,362,0.9
361,365,0.1
362,365,0.9
362,368,0.1
363,366,0.9
363,369,0.1
364,366,0.9
364,369,0.1
365,367,0.9
365,370,0.1
366,367,0.9
366,370,0.1
367,370,0.9
367,372,0.1
368,370,0.9
368,372,0.1
369,370,0.9
369,372,0.1
370,371,0.9
370,373,0.1
371,373,0.9
371,377,0.1
372,374,0.9
372,378,0.1
373,375,0.9
373,379,0.1
374,376,0.9
374,380,0.1
375,380,0.9
375,386,0.1
376,381,0.9
376,387,0.1
377,379,0.9
377,385,0.1
378,380,0.9
378,386,0.1
379,382,0.9
379,388,0.1
380,383,0.9
380,389,0.1
381,384,0.9
381,390,0.1
382,389,0.9
382,399,0.1
383,390,0.9
383,400,0.1
384,391,0.9
384,401,0.1
385,392,0.9
385,402,0.1
386,393,0.9
386,403,0.1
387,394,0.9
387,404,0.1
388,395,0.9
388,405,0.1
389,396,0.9
389,406,0.1
390,397,0.9
390,407,0.1
391,398,0.9
391,408,0.1
392,395,0.9
392,405,0.1
393,396,0.9
393,406,0.1
394,397,0.9
394,407,0.1
395,406,0.9
395,413,0.1
396,407,0.9
396,414,0.1
397,408,0.9
397,415,0.1
398,408,0.9
398,415,0.1
399,406,0.9
399,413,0.1
400,407,0.9
400,414,0.1
401,408,0.9
401,415,0.1
402,405,0.9
402,412,0.1
403,406,0.9
403,413,0.1
404,407,0.9
404,414,0.1
405,409,0.9
405,416,0.1
406,410,0.9
406,417,0.1
407,411,0.9
407,418,0.1
408,411,0.9
408,418,0.1
409,417,0.9
409,426,0.1
410,418,0.9
410,427,0.1
411,418,0.9
411,427,0.1
412,419,0.9
412,428,0.1
413,420,0.9
413,429,0.1
414,421,0.9
414,430,0.1
415,421,0.9
415,430,0.1
416,422,0.9
416,431,0.1
417,423,0.9
417,432,0.1
418,423,0.9
418,432,0.1
419,424,0.9
419,433,0.1
420,425,0.9
420,434,0.1
421,425,0.9
421,434,0.1
422,434,0.9
422,438,0.1
423,434,0.9
423,438,0.1
424,434,0.9
424,438,0.1
425,434,0.9
425,438,0.1
426,432,0.9
426,436,0.1
427,432,0.9
427,436,0.1
428,433,0.9
428,437,0.1
429,434,0.9
429,438,0.1
430,434,0.9
430,438,0.1
431,435,0.9
431,439,0.1
432,435,0.9
432,439,0.1
433,435,0.9
433,439,0.1
434,435,0.9
434,439,0.1
435,439,0.9
435,442,0.1
436,440,0.9
436,443,0.1
437,440,0.9
437,443,0.1
438,440,0.9
438,443,0.1
439,441,0.9
439,444,0.1
440,441,0.9
440,444,0.1
441,444,0.9
441,446,0.1
442,444,0.9
442,446,0.1
443,444,0.9
443,446,0.1
444,445,0.9
444,447,0.1
445,447,0.9
445,451,0.1
446,448,0.9
446,452,0.1
447,449,0.9
447,453,0.1
448,450,0.9
448,454,0.1
449,454,0.9
449,459,0.1
450,455,0.9
450,460,0.1
451,453,0.9
451,458,0.1
452,454,0.9
452,459,0.1
453,456,0.9
453,461,0.1
454,457,0.9
454,462,0.1
455,457,0.9
455,462,0.1
456,462,0.9
456,466,0.1
457,462,0.9
457,466,0.1
458,463,0.9
458,467,0.1
459,464,0.9
459,468,0.1
460,464,0.9
460,468,0.1
461,465,0.9
461,469,0.1
462,465,0.9
462,469,0.1
463,465,0.9
463,469,0.1
464,465,0.9
464,469,0.1
465,469,0.9
465,471,0.1
466,469,0.9
466,471,0.1
467,469,0.9
467,471,0.1
468,469,0.9
468,471,0.1
469,470,0.9
469,472,0.1
470,472,0.9
470,476,0.1
471,473,0.9
471,477,0.1
472,474,0.9
472,478,0.1
473,475,0.9
473,479,0.1
474,479,0.9
474,482,0.1
475,479,0.9
475,482,0.1
476,478,0.9
476,481,0.1
477,479,0.9
477,482,0.1
478,480,0.9
478,483,0.1
479,480,0.9
479,483,0.1
480,483,0.9
480,486,0.1
481,484,0.9
481,487,0.1
482,484,0.9
482,487,0.1
483,485,0.9
483,488,0.1
484,485,0.9
484,488,0.1
485,488,0.9
485,490,0.1
486,488,0.9
486,490,0.1
487,488,0.9
487,490,0.1
488,489,0.9
488,491,0.1
489,491,0.9
489,495,0.1
490,492,0.9
490,496,0.1
491,493,0.9
491,497,0.1
492,494,0.9
492,498,0.1
493,498,0.9
493,504,0.1
494,499,0.9
494,505,0.1
495,497,0.9
495,503,0.1
496,498,0.9
496,504,0.1
497,500,0.9
497,506,0.1
498,501,0.9
498,507,0.1
499,502,0.9
499,508,0.1
500,507,0.9
500,514,0.1
501,508,0.9
501,515,0.1
502,508,0.9
502,515,0.1
503,509,0.9
503,516,0.1
504,510,0.9
504,517,0.1
505,511,0.9
505,518,0.1
506,512,0.9
506,519,0.1
507,513,0.9
507,520,0.1
508,513,0.9
508,520,0.1
509,512,0.9
509,519,0.1
510,513,0.9
510,520,0.1
511,513,0.9
511,520,0.1
512,520,0.9
512,523,0.1
513,520,0.9
513,523,0.1
514,520,0.9
514,523,0.1
515,520,0.9
515,523,0.1
516,519,0.9
516,522,0.1
517,520,0.9
517,523,0.1
518,520,0.9
518,523,0.1
519,521,0.9
519,524,0.1
520,521,0.9
520,524,0.1
521,524,0.9
521,528,0.1
522,525,0.9
522,529,0.1
523,525,0.9
523,529,0.1
524,526,0.9
524,530,0.1
525,527,0.9
525,531,0.1
526,531,0.9
526,534,0.1
527,531,0.9
527,534,0.1
528,530,0.9
528,533,0.1
529,531,0.9
529,534,0.1
530,532,0.9
530,535,0.1
531,532,0.9
531,535,0.1
532,535,0.9
532,538,0.1
533,536,0.9
533,539,0.1
534,536,0.9
534,539,0.1
535,537,0.9
535,540,0.1
536,537,0.9
536,540,0.1
537,540,0.9
537,542,0.1
538,540,0.9
538,542,0.1
539,540,0.9
539,542,0.1
540,541,0.9
540,543,0.1
541,543,0.9
541,547,0.1
542,544,0.9
542,548,0.1
543,545,0.9
543,549,0.1
544,546,0.9
544,550,0.1
545,550,0.9
545,555,0.1
546,551,0.9
546,556,0.1
547,549,0.9
547,554,0.1
548,550,0.9
548,555,0.1
549,552,0.9
549,557,0.1
550,553,0.9
550,558,0.1
551,553,0.9
551,558,0.1
552,558,0.9
552,562,0.1
553,558,0.9
553,562,0.1
554,559,0.9
554,563,0.1
555,560,0.9
555,564,0.1
556,560,0.9
556,564,0.1
557,561,0.9
557,565,0.1
558,561,0.9
558,565,0.1
559,561,0.9
559,565,0.1
560,561,0.9
560,565,0.1
561,565,0.9
561,567,0.1
562,565,0.9
562,567,0.1
563,565,0.9
563,567,0.1
564,565,0.9
564,567,0.1
565,566,0.9
565,568,0.1
566,568,0.9
566,572,0.1
567,569,0.9
567,573,0.1
568,570,0.9
568,574,0.1
569,571,0.9
569,575,0.1
570,575,0.9
570,578,0.1
571,575,0.9
571,578,0.1
572,574,0.9
572,577,0.1
573,575,0.9
573,578,0.1
574,576,0.9
574,579,0.1
575,576,0.9
575,579,0.1
576,579,0.9
576,582,0.1
577,580,0.9
577,583,0.1
578,580,0.9
578,583,0.1
579,581,0.9
579,584,0.1
580,581,0.9
580,584,0.1
581,584,0.9
581,586,0.1
582,584,0.9
582,586,0.1
583,584,0.9
583,586,0.1
584,585,0.9
584,587,0.1
585,587,0.9
585,591,0.1
586,588,0.9
586,592,0.1
587,589,0.9
587,593,0.1
588,590,0.9
588,594,0.1
589,594,0.9
589,600,0.1
590,595,0.9
590,601,0.1
591,593,0.9
591,599,0.1
592,594,0.9
592,600,0.1
593,596,0.9
593,602,0.1
594,597,0.9
594,603,0.1
595,598,0.9
595,604,0.1
596,603,0.9
596,612,0.1
597,604,0.9
597,613,0.1
598,605,0.9
598,614,0.1
599,606,0.9
599,615,0.1
600,607,0.9
600,616,0.1
601,608,0.9
601,617,0.1
602,609,0.9
602,618,0.1
603,610,0.9
603,619,0.1
604,611,0.9
604,620,0.1
605,611,0.9
605,620,0.1
606,609,0.9
606,618,0.1
607,610,0.9
607,619,0.1
608,611,0.9
608,620,0.1
609,619,0.9
609,624,0.1
610,620,0.9
610,625,0.1
611,620,0.9
611,625,0.1
612,619,0.9
612,624,0.1
613,620,0.9
613,625,0.1
614,620,0.9
614,625,0.1
615,618,0.9
615,623,0.1
616,619,0.9
616,624,0.1
617,620,0.9
617,625,0.1
618,621,0.9
618,626,0.1
619,622,0.9
619,627,0.1
620,622,0.9
620,627,0.1
621,627,0.9
621,632,0.1
622,627,0.9
622,632,0.1
623,628,0.9
623,633,0.1
624,629,0.9
624,634,0.1
625,629,0.9
625,634,0.1
626,630,0.9
626,635,0.1
627,630,0.9
627,635,0.1
628,631,0.9
628,636,0.1
629,631,0.9
629,636,0.1
630,636,0.9
630,639,0.1
631,636,0.9
631,639,0.1
632,635,0.9
632,638,0.1
633,636,0.9
633,639,0.1
634,636,0.9
634,639,0.1
635,637,0.9
635,640,0.1
636,637,0.9
636,640,0.1
637,640,0.9
637,643,0.1
638,641,0.9
638,644,0.1
639,641,0.9
639,644,0.1
640,642,0.9
640,645,0.1
641,642,0.9
641,645,0.1
642,645,0.9
642,647,0.1
643,645,0.9
643,647,0.1
644,645,0.9
644,647,0.1
645,646,0.9
645,648,0.1
646,648,0.9
646,652,0.1
647,649,0.9
647,653,0.1
648,650,0.9
648,654,0.1
649,651,0.9
649,655,0.1
650,655,0.9
650,660,0.1
651,656,0.9
651,661,0.1
652,654,0.9
652,659,0.1
653,655,0.9
653,660,0.1
654,657,0.9
654,662,0.1
655,658,0.9
655,663,0.1
656,658,0.9
656,663,0.1
657,663,0.9
657,667,0.1
658,663,0.9
658,667,0.1
659,664,0.9
659,668,0.1
660,665,0.9
660,669,0.1
661,665,0.9
661,669,0.1
662,666,0.9
662,670,0.1
663,666,0.9
663,670,0.1
664,666,0.9
664,670,0.1
665,666,0.9
665,670,0.1
666,670,0.9
666,672,0.1
667,670,0.9
667,672,0.1
668,670,0.9
668,672,0.1
669,670,0.9
669,672,0.1
670,671,0.9
670,673,0.1
671,673,0.9
671,677,0.1
672,674,0.9
672,678,0.1
673,675,0.9
673,679,0.1
674,676,0.9
674,680,0.1
675,680,0.9
675,683,0.1
676,680,0.9
676,683,0.1
677,679,0.9
677,682,0.1
678,680,0.9
678,683,0.1
679,681,0.9
679,684,0.1
680,681,0.9
680,684,0.1
681,684,0.9
681,687,0.1
682,685,0.9
682,688,0.1
683,685,0.9
683,688,0.1
684,686,0.9
684,689,0.1
685,686,0.9
685,689,0.1
686,689,0.9
686,691,0.1
687,689,0.9
687,691,0.1
688,689,0.9
688,691,0.1
689,690,0.9
689,692,0.1
690,692,0.9
690,696,0.1
691,693,0.9
691,697,0.1
692,694,0.9
692,698,0.1
693,695,0.9
693,699,0.1
694,699,0.9
694,705,0.1
695,700,0.9
695,706,0.1
696,698,0.9
696,704,0.1
697,699,0.9
697,705,0.1
698,701,0.9
698,707,0.1
699,702,0.9
699,708,0.1
700,703,0.9
700,709,0.1
701,708,0.9
701,715,0.1
702,709,0.9
702,716,0.1
703,709,0.9
703,716,0.1
704,710,0.9
704,717,0.1
705,711,0.9
705,718,0.1
706,712,0.9
706,719,0.1
707,713,0.9
707,720,0.1
708,714,0.9
708,721,0.1
709,714,0.9
709,721,0.1
710,713,0.9
710,720,0.1
711,714,0.9
711,721,0.1
712,714,0.9
712,721,0.1
713,721,0.9
713,724,0.1
714,721,0.9
714,724,0.1
715,721,0.9
715,724,0.1
716,721,0.9
716,724,0.1
717,720,0.9
717,723,0.1
718,721,0.9
718,724,0.1
719,721,0.9
719,724,0.1
720,722,0.9
720,725,0.1
721,722,0.9
721,725,0.1
722,725,0.9
722,729,0.1
723,726,0.9
723,730,0.1
724,726,0.9
724,730,0.1
725,727,0.9
725,731,0.1
726,728,0.9
726,732,0.1
727,732,0.9
727,735,0.1
728,732,0.9
728,735,0.1
729,731,0.9
729,734,0.1
730,732,0.9
730,735,0.1
731,733,0.9
731,736,0.1
732,733,0.9
732,736,0.1
733,736,0.9
733,739,0.1
734,737,0.9
734,740,0.1
735,737,0.9
735,740,0.1
736,738,0.9
736,741,0.1
737,738,0.9
737,741,0.1
738,741,0.9
738,743,0.1
739,741,0.9
739,743,0.1
740,741,0.9
740,743,0.1
741,742,0.9
741,744,0.1
742,744,0.9
742,748,0.1
743,745,0.9
743,749,0.1
744,746,0.9
744,750,0.1
745,747,0.9
745,751,0.1
746,751,0.9
746,756,0.1
747,752,0.9
747,757,0.1
748,750,0.9
748,755,0.1
749,751,0.9
749,756,0.1
750,753,0.9
750,758,0.1
751,754,0.9
751,759,0.1
752,754,0.9
752,759,0.1
753,759,0.9
753,763,0.1
754,759,0.9
754,763,0.1
755,760,0.9
755,764,0.1
756,761,0.9
756,765,0.1
757,761,0.9
757,765,0.1
758,762,0.9
758,766,0.1
759,762,0.9
759,766,0.1
760,762,0.9
760,766,0.1
761,762,0.9
761,766,0.1
762,766,0.9
762,768,0.1
763,766,0.9
763,768,0.1
764,766,0.9
764,768,0.1
765,766,0.9
765,768,0.1
766,767,0.9
766,769,0.1
767,769,0.9
767,773,0.1
768,770,0.9
768,774,0.1
769,771,0.9
769,775,0.1
770,772,0.9
770,776,0.1
771,776,0.9
771,779,0.1
772,776,0.9
772,779,0.1
773,775,0.9
773,778,0.1
774,776,0.9
774,779,0.1
775,777,0.9
775,780,0.1
776,777,0.9
776,780,0.1
777,780,0.9
777,783,0.1
778,781,0.9
778,784,0.1
779,781,0.9
779,784,0.1
780,782,0.9
780,785,0.1
781,782,0.9
781,785,0.1
782,785,0.9
782,787,0.1
783,785,0.9
783,787,0.1
784,785,0.9
784,787,0.1
785,786,0.9
785,788,0.1
786,788,0.9
786,792,0.1
787,789,0.9
787,793,0.1
788,790,0.9
788,794,0.1
789,791,0.9
789,795,0.1
790,795,0.9
790,801,0.1
791,796,0.9
791,802,0.1
792,794,0.9
792,800,0.1
793,795,0.9
793,801,0.1
794,797,0.9
794,803,0.1
795,798,0.9
795,804,0.1
796,799,0.9
796,805,0.1
797,804,0.9
797,814,0.1
798,805,0.9
798,815,0.1
799,806,0.9
799,816,0.1
800,807,0.9
800,817,0.1
801,808,0.9
801,818,0.1
802,809,0.9
802,819,0.1
803,810,0.9
803,820,0.1
804,811,0.9
804,821,0.1
805,812,0.9
805,822,0.1
806,813,0.9
806,823,0.1
807,810,0.9
807,820,0.1
808,811,0.9
808,821,0.1
809,812,0.9
809,822,0.1
810,821,0.9
810,830,0.1
811,822,0.9
811,831,0.1
812,823,0.9
812,832,0.1
813,824,0.9
813,833,0.1
814,821,0.9
814,830,0.1
815,822,0.9
815,831,0.1
816,823,0.9
816,832,0.1
817,820,0.9
817,829,0.1
818,821,0.9
818,830,0.1
819,822,0.9
819,831,0.1
820,825,0.9
820,834,0.1
821,826,0.9
821,835,0.1
822,827,0.9
822,836,0.1
823,828,0.9
823,837,0.1
824,828,0.9
824,837,0.1
825,835,0.9
825,848,0.1
826,836,0.9
826,849,0.1
827,837,0.9
827,850,0.1
828,837,0.9
828,850,0.1
829,838,0.9
829,851,0.1
830,839,0.9
830,852,0.1
831,840,0.9
831,853,0.1
832,841,0.9
832,854,0.1
833,841,0.9
833,854,0.1
834,842,0.9
834,855,0.1
835,843,0.9
835,856,0.1
836,844,0.9
836,857,0.1
837,844,0.9
837,857,0.1
838,845,0.9
838,858,0.1
839,846,0.9
839,859,0.1
840,847,0.9
840,860,0.1
841,847,0.9
841,860,0.1
842,859,0.9
842,866,0.1
843,860,0.9
843,867,0.1
844,860,0.9
844,867,0.1
845,859,0.9
845,866,0.1
846,860,0.9
846,867,0.1
847,860,0.9
847,867,0.1
848,856,0.9
848,863,0.1
849,857,0.9
849,864,0.1
850,857,0.9
850,864,0.1
851,858,0.9
851,865,0.1
852,859,0.9
852,866,0.1
853,860,0.9
853,867,0.1
854,860,0.9
854,867,0.1
855,861,0.9
855,868,0.1
856,862,0.9
856,869,0.1
857,862,0.9
857,869,0.1
858,861,0.9
858,868,0.1
859,862,0.9
859,869,0.1
860,862,0.9
860,869,0.1
861,869,0.9
861,873,0.1
862,869,0.9
862,873,0.1
863,871,0.9
863,875,0.1
864,871,0.9
864,875,0.1
865,870,0.9
865,874,0.1
866,871,0.9
866,875,0.1
867,871,0.9
867,875,0.1
868,872,0.9
868,876,0.1
869,872,0.9
869,876,0.1
870,872,0.9
870,876,0.1
871,872,0.9
871,876,0.1
872,876,0.9
872,878,0.1
873,876,0.9
873,878,0.1
874,876,0.9
874,878,0.1
875,876,0.9
875,878,0.1
876,877,0.9
876,879,0.1
877,879,0.9
877,883,0.1
878,880,0.9
878,884,0.1
879,881,0.9
879,885,0.1
880,882,0.9
880,886,0.1
881,886,0.9
881,891,0.1
882,887,0.9
882,892,0.1
883,885,0.9
883,890,0.1
884,886,0.9
884,891,0.1
885,888,0.9
885,893,0.1
886,889,0.9
886,894,0.1
887,889,0.9
887,894,0.1
888,894,0.9
888,898,0.1
889,894,0.9
889,898,0.1
890,895,0.9
890,899,0.1
891,896,0.9
891,900,0.1
892,896,0.9
892,900,0.1
893,897,0.9
893,901,0.1
894,897,0.9
894,901,0.1
895,897,0.9
895,901,0.1
896,897,0.9
896,901,0.1
897,901,0.9
897,903,0.1
898,901,0.9
898,903,0.1
899,901,0.9
899,903,0.1
900,901,0.9
900,903,0.1
901,902,0.9
901,904,0.1
902,904,0.9
902,908,0.1
903,905,0.9
903,909,0.1
904,906,0.9
904,910,0.1
905,907,0.9
905,911,0.1
906,911,0.9
906,914,0.1
907,911,0.9
907,914,0.1
908,910,0.9
908,913,0.1
909,911,0.9
909,914,0.1
910,912,0.9
910,915,0.1
911,912,0.9
911,915,0.1
912,915,0.9
912,918,0.1
913,916,0.9
913,919,0.1
914,916,0.9
914,919,0.1
915,917,0.9
915,920,0.1
916,917,0.9
916,920,0.1
917,920,0.9
917,922,0.1
918,920,0.9
918,922,0.1
919,920,0.9
919,922,0.1
920,921,0.9
920,923,0.1
921,923,0.9
921,927,0.1
922,924,0.9
922,928,0.1
923,925,0.9
923,929,0.1
924,926,0.9
924,930,0.1
925,930,0.9
925,936,0.1
926,931,0.9
926,937,0.1
927,929,0.9
927,935,0.1
928,930,0.9
928,936,0.1
929,932,0.9
929,938,0.1
930,933,0.9
930,939,0.1
931,934,0.9
931,940,0.1
932,939,0.9
932,946,0.1
933,940,0.9
933,947,0.1
934,940,0.9
934,947,0.1
935,941,0.9
935,948,0.1
936,942,0.9
936,949,0.1
937,943,0.9
937,950,0.1
938,944,0.9
938,951,0.1
939,945,0.9
939,952,0.1
940,945,0.9
940,952,0.1
941,944,0.9
941,951,0.1
942,945,0.9
942,952,0.1
943,945,0.9
943,952,0.1
944,952,0.9
944,955,0.1
945,952,0.9
945,955,0.1
946,952,0.9
946,955,0.1
947,952,0.9
947,955,0.1
948,951,0.9
948,954,0.1
949,952,0.9
949,955,0.1
950,952,0.9
950,955,0.1
951,953,0.9
951,956,0.1
952,953,0.9
952,956,0.1
953,956,0.9
953,960,0.1
954,957,0.9
954,961,0.1
955,957,0.9
955,961,0.1
956,958,0.9
956,962,0.1
957,959,0.9
957,963,0.1
958,963,0.9
958,966,0.1
959,963,0.9
959,966,0.1
960,962,0.9
960,965,0.1
961,963,0.9
961,966,0.1
962,964,0.9
962,967,0.1
963,964,0.9
963,967,0.1
964,967,0.9
964,970,0.1
965,968,0.9
965,971,0.1
966,968,0.9
966,971,0.1
967,969,0.9
967,972,0.1
968,969,0.9
968,972,0.1
969,972,0.9
969,974,0.1
970,972,0.9
970,974,0.1
971,972,0.9
971,974,0.1
972,973,0.9
972,975,0.1
973,975,0.9
973,979,0.1
974,976,0.9
974,980,0.1
975,977,0.9
975,981,0.1
976,978,0.9
976,982,0.1
977,982,0.9
977,987,0.1
978,983,0.9
978,988,0.1
979,981,0.9
979,986,0.1
980,982,0.9
980,987,0.1
981,984,0.9
981,989,0.1
982,985,0.9
982,990,0.1
983,985,0.9
983,990,0.1
984,990,0.9
984,994,0.1
985,990,0.9
985,994,0.1
986,991,0.9
986,995,0.1
987,992,0.9
987,996,0.1
988,992,0.9
988,996,0.1
989,993,0.9
989,997,0.1
990,993,0.9
990,997,0.1
991,993,0.9
991,997,0.1
992,993,0.9
992,997,0.1
993,997,0.9
993,999,0.1
994,997,0.9
994,999,0.1
995,997,0.9
995,999,0.1
996,997,0.9
996,999,0.1
997,998,0.9
997,1000,0.1
998,1000,0.9
998,1004,0.1
999,1001,0.9
999,1005,0.1
1000,1002,0.9
1000,1006,0.1
1001,1003,0.9
1001,1007,0.1
1002,1007,0.9
1002,1010,0.1
1003,1007,0.9
1003,1010,0.1
1004,1006,0.9
1004,1009,0.1
1005,1007,0.9
1005,1010,0.1
1006,1008,0.9
1006,1011,0.1
1007,1008,0.9
1007,1011,0.1
1008,1011,0.9
1008,1014,0.1
1009,1012,0.9
1009,1015,0.1
1010,1012,0.9
1010,1015,0.1
1011,1013,0.9
1011,1016,0.1
1012,1013,0.9
1012,1016,0.1
1013,1016,0.9
1013,1018,0.1
1014,1016,0.9
1014,1018,0.1
1015,1016,0.9
1015,1018,0.1
1016,1017,0.9
1016,1019,0.1
1017,1019,0.9
1017,1023,0.1
1018,1020,0.9
1018,1024,0.1
1019,1021,0.9
1019,1025,0.1
1020,1022,0.9
1020,1026,0.1
1021,1026,0.9
1021,1032,0.1
1022,1027,0.9
1022,1033,0.1
1023,1025,0.9
1023,1031,0.1
1024,1026,0.9
1024,1032,0.1
1025,1028,0.9
1025,1034,0.1
1026,1029,0.9
1026,1035,0.1
1027,1030,0.9
1027,1036,0.1
1028,1035,0.9
1028,1044,0.1
1029,1036,0.9
1029,1045,0.1
1030,1037,0.9
1030,1046,0.1
1031,1038,0.9
1031,1047,0.1
1032,1039,0.9
1032,1048,0.1
1033,1040,0.9
1033,1049,0.1
1034,1041,0.9
1034,1050,0.1
1035,1042,0.9
1035,1051,0.1
1036,1043,0.9
1036,1052,0.1
1037,1043,0.9
1037,1052,0.1
1038,1041,0.9
1038,1050,0.1
1039,1042,0.9
1039,1051,0.1
1040,1043,0.9
1040,1052,0.1
1041,1051,0.9
1041,1056,0.1
1042,1052,0.9
1042,1057,0.1
1043,1052,0.9
1043,1057,0.1
1044,1051,0.9
1044,1056,0.1
1045,1052,0.9
1045,1057,0.1
1046,1052,0.9
1046,1057,0.1
1047,1050,0.9
1047,1055,0.1
1048,1051,0.9
1048,1056,0.1
1049,1052,0.9
1049,1057,0.1
1050,1053,0.9
1050,1058,0.1
1051,1054,0.9
1051,1059,0.1
1052,1054,0.9
1052,1059,0.1
1053,1059,0.9
1053,1064,0.1
1054,1059,0.9
1054,1064,0.1
1055,1060,0.9
1055,1065,0.1
1056,1061,0.9
1056,1066,0.1
1057,1061,0.9
1057,1066,0.1
1058,1062,0.9
1058,1067,0.1
1059,1062,0.9
1059,1067,0.1
1060,1063,0.9
1060,1068,0.1
1061,1063,0.9
1061,1068,0.1
1062,1068,0.9
1062,1071,0.1
1063,1068,0.9
1063,1071,0.1
1064,1067,0.9
1064,1070,0.1
1065,1068,0.9
1065,1071,0.1
1066,1068,0.9
1066,1071,0.1
1067,1069,0.9
1067,1072,0.1
1068,1069,0.9
1068,1072,0.1
1069,1072,0.9
1069,1075,0.1
1070,1073,0.9
1070,1076,0.1
1071,1073,0.9
1071,1076,0.1
1072,1074,0.9
1072,1077,0.1
1073,1074,0.9
1073,1077,0.1
1074,1077,0.9
1074,1079,0.1
1075,1077,0.9
1075,1079,0.1
1076,1077,0.9
1076,1079,0.1
1077,1078,0.9
1077,1080,0.1
1078,1080,0.9
1078,1084,0.1
1079,1081,0.9
1079,1085,0.1
1080,1082,0.9
1080,1086,0.1
1081,1083,0.9
1081,1087,0.1
1082,1087,0.9
1082,1092,0.1
1083,1088,0.9
1083,1093,0.1
1084,1086,0.9
1084,1091,0.1
1085,1087,0.9
1085,1092,0.1
1086,1089,0.9
1086,1094,0.1
1087,1090,0.9
1087,1095,0.1
1088,1090,0.9
1088,1095,0.1
1089,1095,0.9
1089,1099,0.1
1090,1095,0.9
1090,1099,0.1
1091,1096,0.9
1091,1100,0.1
1092,1097,0.9
1092,1101,0.1
1093,1097,0.9
1093,1101,0.1
1094,1098,0.9
1094,1102,0.1
1095,1098,0.9
1095,1102,0.1
1096,1098,0.9
1096,1102,0.1
1097,1098,0.9
1097,1102,0.1
1098,1102,0.9
1098,1104,0.1
1099,1102,0.9
1099,1104,0.1
1100,1102,0.9
1100,1104,0.1
1101,1102,0.9
1101,1104,0.1
1102,1103,0.9
1102,1105,0.1
1103,1105,0.9
1103,1109,0.1
1104,1106,0.9
1104,1110,0.1
1105,1107,0.9
1105,1111,0.1
1106,1108,0.9
1106,1112,0.1
1107,1112,0.9
1107,1115,0.1
1108,1112,0.9
1108,1115,0.1
1109,1111,0.9
1109,1114,0.1
1110,1112,0.9
1110,1115,0.1
1111,1113,0.9
1111,1116,0.1
1112,1113,0.9
1112,1116,0.1
1113,1116,0.9
1113,1119,0.1
1114,1117,0.9
1114,1120,0.1
1115,1117,0.9
1115,1120,0.1
1116,1118,0.9
1116,1121,0.1
1117,1118,0.9
1117,1121,0.1
1118,1121,0.9
1118,1123,0.1
1119,1121,0.9
1119,1123,0.1
1120,1121,0.9
1120,1123,0.1
1121,1122,0.9
1121,1124,0.1
1122,1124,0.9
1122,1128,0.1
1123,1125,0.9
1123,1129,0.1
1124,1126,0.9
1124,1130,0.1
1125,1127,0.9
1125,1131,0.1
1126,1131,0.9
1126,1137,0.1
1127,1132,0.9
1127,1138,0.1
1128,1130,0.9
1128,1136,0.1
1129,1131,0.9
1129,1137,0.1
1130,1133,0.9
1130,1139,0.1
1131,1134,0.9
1131,1140,0.1
1132,1135,0.9
1132,1141,0.1
1133,1140,0.9
1133,1147,0.1
1134,1141,0.9
1134,1148,0.1
1135,1141,0.9
1135,1148,0.1
1136,1142,0.9
1136,1149,0.1
1137,1143,0.9
1137,1150,0.1
1138,1144,0.9
1138,1151,0.1
1139,1145,0.9
1139,1152,0.1
1140,1146,0.9
1140,1153,0.1
1141,1146,0.9
1141,1153,0.1
1142,1145,0.9
1142,1152,0.1
1143,1146,0.9
1143,1153,0.1
1144,1146,0.9
1144,1153,0.1
1145,1153,0.9
1145,1156,0.1
1146,1153,0.9
1146,1156,0.1
1147,1153,0.9
1147,1156,0.1
1148,1153,0.9
1148,1156,0.1
1149,1152,0.9
1149,1155,0.1
1150,1153,0.9
1150,1156,0.1
1151,1153,0.9
1151,1156,0.1
1152,1154,0.9
1152,1157,0.1
1153,1154,0.9
1153,1157,0.1
1154,1157,0.9
1154,1161,0.1
1155,1158,0.9
1155,1162,0.1
1156,1158,0.9
1156,1162,0.1
1157,1159,0.9
1157,1163,0.1
1158,1160,0.9
1158,1164,0.1
1159,1164,0.9
1159,1167,0.1
1160,1164,0.9
1160,1167,0.1
1161,1163,0.9
1161,1166,0.1
1162,1164,0.9
1162,1167,0.1
1163,1165,0.9
1163,1168,0.1
1164,1165,0.9
1164,1168,0.1
1165,1168,0.9
1165,1171,0.1
1166,1169,0.9
1166,1172,0.1
1167,1169,0.9
1167,1172,0.1
1168,1170,0.9
1168,1173,0.1
1169,1170,0.9
1169,1173,0.1
1170,1173,0.9
1170,1175,0.1
1171,1173,0.9
1171,1175,0.1
1172,1173,0.9
1172,1175,0.1
1173,1174,0.9
1173,1176,0.1
1174,1176,0.9
1174,1180,0.1
1175,1177,0.9
1175,1181,0.1
1176,1178,0.9
1176,1182,0.1
1177,1179,0.9
1177,1183,0.1
1178,1183,0.9
1178,1188,0.1
1179,1184,0.9
1179,1189,0.1
1180,1182,0.9
1180,1187,0.1
1181,1183,0.9
1181,1188,0.1
1182,1185,0.9
1182,1190,0.1
1183,1186,0.9
1183,1191,0.1
1184,1186,0.9
1184,1191,0.1
1185,1191,0.9
1185,1195,0.1
1186,1191,0.9
1186,1195,0.1
1187,1192,0.9
1187,1196,0.1
1188,1193,0.9
1188,1197,0.1
1189,1193,0.9
1189,1197,0.1
1190,1194,0.9
1190,1198,0.1
1191,1194,0.9
1191,1198,0.1
1192,1194,0.9
1192,1198,0.1
1193,1194,0.9
1193,1198,0.1
1194,1198,0.9
1194,1200,0.1
1195,1198,0.9
1195,1200,0.1
1196,1198,0.9
1196,1200,0.1
1197,1198,0.9
1197,1200,0.1
1198,1199,0.9
1198,1201,0.1
1199,1201,0.9
1199,1205,0.1
1200,1202,0.9
1200,1206,0.1
1201,1203,0.9
1201,1207,0.1
1202,1204,0.9
1202,1208,0.1
1203,1208,0.9
1203,1211,0.1
1204,1208,0.9
1204,1211,0.1
1205,1207,0.9
1205,1210,0.1
1206,1208,0.9
1206,1211,0.1
1207,1209,0.9
1207,1212,0.1
1208,1209,0.9
1208,1212,0.1
1209,1212,0.9
1209,1215,0.1
1210,1213,0.9
1210,1216,0.1
1211,1213,0.9
1211,1216,0.1
1212,1214,0.9
1212,1217,0.1
1213,1214,0.9
1213,1217,0.1
1214,1217,0.9
1214,1219,0.1
1215,1217,0.9
1215,1219,0.1
1216,1217,0.9
1216,1219,0.1
1217,1218,0.9
1217,1220,0.1
1218,1220,0.9
1218,1224,0.1
1219,1221,0.9
1219,1225,0.1
1220,1222,0.9
1220,1226,0.1
1221,1223,0.9
1221,1227,0.1
1222,1227,0.9
1222,1233,0.1
1223,1228,0.9
1223,1234,0.1
1224,1226,0.9
1224,1232,0.1
1225,1227,0.9
1225,1233,0.1
1226,1229,0.9
1226,1235,0.1
1227,1230,0.9
1227,1236,0.1
1228,1231,0.9
1228,1237,0.1
1229,1236,0.9
1229,1246,0.1
1230,1237,0.9
1230,1247,0.1
1231,1238,0.9
1231,1248,0.1
1232,1239,0.9
1232,1249,0.1
1233,1240,0.9
1233,1250,0.1
1234,1241,0.9
1234,1251,0.1
1235,1242,0.9
1235,1252,0.1
1236,1243,0.9
1236,1253,0.1
1237,1244,0.9
1237,1254,0.1
1238,1245,0.9
1238,1255,0.1
1239,1242,0.9
1239,1252,0.1
1240,1243,0.9
1240,1253,0.1
1241,1244,0.9
1241,1254,0.1
1242,1253,0.9
1242,1260,0.1
1243,1254,0.9
1243,1261,0.1
1244,1255,0.9
1244,1262,0.1
1245,1255,0.9
1245,1262,0.1
1246,1253,0.9
1246,1260,0.1
1247,1254,0.9
1247,1261,0.1
1248,1255,0.9
1248,1262,0.1
1249,1252,0.9
1249,1259,0.1
1250,1253,0.9
1250,1260,0.1
1251,1254,0.9
1251,1261,0.1
1252,1256,0.9
1252,1263,0.1
1253,1257,0.9
1253,1264,0.1
1254,1258,0.9
1254,1265,0.1
1255,1258,0.9
1255,1265,0.1
1256,1264,0.9
1256,1273,0.1
1257,1265,0.9
1257,1274,0.1
1258,1265,0.9
1258,1274,0.1
1259,1266,0.9
1259,1275,0.1
1260,1267,0.9
1260,1276,0.1
1261,1268,0.9
1261,1277,0.1
1262,1268,0.9
1262,1277,0.1
1263,1269,0.9
1263,1278,0.1
1264,1270,0.9
1264,1279,0.1
1265,1270,0.9
1265,1279,0.1
1266,1271,0.9
1266,1280,0.1
1267,1272,0.9
1267,1281,0.1
1268,1272,0.9
1268,1281,0.1
1269,1281,0.9
1269,1285,0.1
1270,1281,0.9
1270,1285,0.1
1271,1281,0.9
1271,1285,0.1
1272,1281,0.9
1272,1285,0.1
1273,1279,0.9
1273,1283,0.1
1274,1279,0.9
1274,1283,0.1
1275,1280,0.9
1275,1284,0.1
1276,1281,0.9
1276,1285,0.1
1277,1281,0.9
1277,1285,0.1
1278,1282,0.9
1278,1286,0.1
1279,1282,0.9
1279,1286,0.1
1280,1282,0.9
1280,1286,0.1
1281,1282,0.9
1281,1286,0.1
1282,1286,0.9
1282,1289,0.1
1283,1287,0.9
1283,1290,0.1
1284,1287,0.9
1284,1290,0.1
1285,1287,0.9
1285,1290,0.1
1286,1288,0.9
1286,1291,0.1
1287,1288,0.9
1287,1291,0.1
1288,1291,0.9
1288,1293,0.1
1289,1291,0.9
1289,1293,0.1
1290,1291,0.9
1290,1293,0.1
1291,1292,0.9
1291,1294,0.1
1292,1294,0.9
1292,1298,0.1
1293,1295,0.9
1293,1299,0.1
1294,1296,0.9
1294,1300,0.1
1295,1297,0.9
1295,1301,0.1
1296,1301,0.9
1296,1306,0.1
1297,1302,0.9
1297,1307,0.1
1298,1300,0.9
1298,1305,0.1
1299,1301,0.9
1299,1306,0.1
1300,1303,0.9
1300,1308,0.1
1301,1304,0.9
1301,1309,0.1
1302,1304,0.9
1302,1309,0.1
1303,1309,0.9
1303,1313,0.1
1304,1309,0.9
1304,1313,0.1
1305,1310,0.9
1305,1314,0.1
1306,1311,0.9
1306,1315,0.1
1307,1311,0.9
1307,1315,0.1
1308,1312,0.9
1308,1316,0.1
1309,1312,0.9
1309,1316,0.1
1310,1312,0.9
1310,1316,0.1
1311,1312,0.9
1311,1316,0.1
1312,1316,0.9
1312,1318,0.1
1313,1316,0.9
1313,1318,0.1
1314,1316,0.9
1314,1318,0.1
1315,1316,0.9
1315,1318,0.1
1316,1317,0.9
1316,1319,0.1
1317,1319,0.9
1317,1323,0.1
1318,1320,0.9
1318,1324,0.1
1319,1321,0.9
1319,1325,0.1
1320,1322,0.9
1320,1326,0.1
1321,1326,0.9
1321,1329,0.1
1322,1326,0.9
1322,1329,0.1
1323,1325,0.9
1323,1328,0.1
1324,1326,0.9
1324,1329,0.1
1325,1327,0.9
1325,1330,0.1
1326,1327,0.9
1326,1330,0.1
1327,1330,0.9
1327,1333,0.1
1328,1331,0.9
1328,1334,0.1
1329,1331,0.9
1329,1334,0.1
1330,1332,0.9
1330,1335,0.1
1331,1332,0.9
1331,1335,0.1
1332,1335,0.9
1332,1337,0.1
1333,1335,0.9
1333,1337,0.1
1334,1335,0.9
1334,1337,0.1
1335,1336,0.9
1335,1338,0.1
1336,1338,0.9
1336,1342,0.1
1337,1339,0.9
1337,1343,0.1
1338,1340,0.9
1338,1344,0.1
1339,1341,0.9
1339,1345,0.1
1340,1345,0.9
1340,1351,0.1
1341,1346,0.9
1341,1352,0.1
1342,1344,0.9
1342,1350,0.1
1343,1345,0.9
1343,1351,0.1
1344,1347,0.9
1344,1353,0.1
1345,1348,0.9
1345,1354,0.1
1346,1349,0.9
1346,1355,0.1
1347,1354,0.9
1347,1361,0.1
1348,1355,0.9
1348,1362,0.1
1349,1355,0.9
1349,1362,0.1
1350,1356,0.9
1350,1363,0.1
1351,1357,0.9
1351,1364,0.1
1352,1358,0.9
1352,1365,0.1
1353,1359,0.9
1353,1366,0.1
1354,1360,0.9
1354,1367,0.1
1355,1360,0.9
1355,1367,0.1
1356,1359,0.9
1356,1366,0.1
1357,1360,0.9
1357,1367,0.1
1358,1360,0.9
1358,1367,0.1
1359,1367,0.9
1359,1370,0.1
1360,1367,0.9
1360,1370,0.1
1361,1367,0.9
1361,1370,0.1
1362,1367,0.9
1362,1370,0.1
1363,1366,0.9
1363,1369,0.1
1364,1367,0.9
1364,1370,0.1
1365,1367,0.9
1365,1370,0.1
1366,1368,0.9
1366,1371,0.1
1367,1368,0.9
1367,1371,0.1
1368,1371,0.9
1368,1375,0.1
1369,1372,0.9
1369,1376,0.1
1370,1372,0.9
1370,1376,0.1
1371,1373,0.9
1371,1377,0.1
1372,1374,0.9
1372,1378,0.1
1373,1378,0.9
1373,1381,0.1
1374,1378,0.9
1374,1381,0.1
1375,1377,0.9
1375,1380,0.1
1376,1378,0.9
1376,1381,0.1
1377,1379,0.9
1377,1382,0.1
1378,1379,0.9
1378,1382,0.1
1379,1382,0.9
1379,1385,0.1
1380,1383,0.9
1380,1386,0.1
1381,1383,0.9
1381,1386,0.1
1382,1384,0.9
1382,1387,0.1
1383,1384,0.9
1383,1387,0.1
1384,1387,0.9
1384,1389,0.1
1385,1387,0.9
1385,1389,0.1
1386,1387,0.9
1386,1389,0.1
1387,1388,0.9
1387,1390,0.1
1388,1390,0.9
1388,1394,0.1
1389,1391,0.9
1389,1395,0.1
1390,1392,0.9
1390,1396,0.1
1391,1393,0.9
1391,1397,0.1
1392,1397,0.9
1392,1402,0.1
1393,1398,0.9
1393,1403,0.1
1394,1396,0.9
1394,1401,0.1
1395,1397,0.9
1395,1402,0.1
1396,1399,0.9
1396,1404,0.1
1397,1400,0.9
1397,1405,0.1
1398,1400,0.9
1398,1405,0.1
1399,1405,0.9
1399,1409,0.1
1400,1405,0.9
1400,1409,0.1
1401,1406,0.9
1401,1410,0.1
1402,1407,0.9
1402,1411,0.1
1403,1407,0.9
1403,1411,0.1
1404,1408,0.9
1404,1412,0.1
1405,1408,0.9
1405,1412,0.1
1406,1408,0.9
1406,1412,0.1
1407,1408,0.9
1407,1412,0.1
1408,1412,0.9
1408,1414,0.1
1409,1412,0.9
1409,1414,0.1
1410,1412,0.9
1410,1414,0.1
1411,1412,0.9
1411,1414,0.1
1412,1413,0.9
1412,1415,0.1
1413,1415,0.9
1413,1419,0.1
1414,1416,0.9
1414,1420,0.1
1415,1417,0.9
1415,1421,0.1
1416,1418,0.9
1416,1422,0.1
1417,1422,0.9
1417,1425,0.1
1418,1422,0.9
1418,1425,0.1
1419,1421,0.9
1419,1424,0.1
1420,1422,0.9
1420,1425,0.1
1421,1423,0.9
1421,1426,0.1
1422,1423,0.9
1422,1426,0.1
1423,1426,0.9
1423,1429,0.1
1424,1427,0.9
1424,1430,0.1
1425,1427,0.9
1425,1430,0.1
1426,1428,0.9
1426,1431,0.1
1427,1428,0.9
1427,1431,0.1
1428,1431,0.9
1428,1433,0.1
1429,1431,0.9
1429,1433,0.1
1430,1431,0.9
1430,1433,0.1
1431,1432,0.9
1431,1434,0.1
1432,1434,0.9
1432,1438,0.1
1433,1435,0.9
1433,1439,0.1
1434,1436,0.9
1434,1440,0.1
1435,1437,0.9
1435,1441,0.1
1436,1441,0.9
1436,1447,0.1
1437,1442,0.9
1437,1448,0.1
1438,1440,0.9
1438,1446,0.1
1439,1441,0.9
1439,1447,0.1
1440,1443,0.9
1440,1449,0.1
1441,1444,0.9
1441,1450,0.1
1442,1445,0.9
1442,1451,0.1
1443,1450,0.9
1443,1459,0.1
1444,1451,0.9
1444,1460,0.1
1445,1452,0.9
1445,1461,0.1
1446,1453,0.9
1446,1462,0.1
1447,1454,0.9
1447,1463,0.1
1448,1455,0.9
1448,1464,0.1
1449,1456,0.9
1449,1465,0.1
1450,1457,0.9
1450,1466,0.1
1451,1458,0.9
1451,1467,0.1
1452,1458,0.9
1452,1467,0.1
1453,1456,0.9
1453,1465,0.1
1454,1457,0.9
1454,1466,0.1
1455,1458,0.9
1455,1467,0.1
1456,1466,0.9
1456,1471,0.1
1457,1467,0.9
1457,1472,0.1
1458,1467,0.9
1458,1472,0.1
1459,1466,0.9
1459,1471,0.1
1460,1467,0.9
1460,1472,0.1
1461,1467,0.9
1461,1472,0.1
1462,1465,0.9
1462,1470,0.1
1463,1466,0.9
1463,1471,0.1
1464,1467,0.9
1464,1472,0.1
1465,1468,0.9
1465,1473,0.1
1466,1469,0.9
1466,1474,0.1
1467,1469,0.9
1467,1474,0.1
1468,1474,0.9
1468,1479,0.1
1469,1474,0.9
1469,1479,0.1
1470,1475,0.9
1470,1480,0.1
1471,1476,0.9
1471,1481,0.1
1472,1476,0.9
1472,1481,0.1
1473,1477,0.9
1473,1482,0.1
1474,1477,0.9
1474,1482,0.1
1475,1478,0.9
1475,1483,0.1
1476,1478,0.9
1476,1483,0.1
1477,1483,0.9
1477,1486,0.1
1478,1483,0.9
1478,1486,0.1
1479,1482,0.9
1479,1485,0.1
1480,1483,0.9
1480,1486,0.1
1481,1483,0.9
1481,1486,0.1
1482,1484,0.9
1482,1487,0.1
1483,1484,0.9
1483,1487,0.1
1484,1487,0.9
1484,1490,0.1
1485,1488,0.9
1485,1491,0.1
1486,1488,0.9
1486,1491,0.1
1487,1489,0.9
1487,1492,0.1
1488,1489,0.9
1488,1492,0.1
1489,1492,0.9
1489,1494,0.1
1490,1492,0.9
1490,1494,0.1
1491,1492,0.9
1491,1494,0.1
1492,1493,0.9
1492,1495,0.1
1493,1495,0.9
1493,1499,0.1
1494,1496,0.9
1494,1500,0.1
1495,1497,0.9
1495,1501,0.1
1496,1498,0.9
1496,1502,0.1
1497,1502,0.9
1497,1507,0.1
1498,1503,0.9
1498,1508,0.1
1499,1501,0.9
1499,1506,0.1
1500,1502,0.9
1500,1507,0.1
1501,1504,0.9
1501,1509,0.1
1502,1505,0.9
1502,1510,0.1
1503,1505,0.9
1503,1510,0.1
1504,1510,0.9
1504,1514,0.1
1505,1510,0.9
1505,1514,0.1
1506,1511,0.9
1506,1515,0.1
1507,1512,0.9
1507,1516,0.1
1508,1512,0.9
1508,1516,0.1
1509,1513,0.9
1509,1517,0.1
1510,1513,0.9
1510,1517,0.1
1511,1513,0.9
1511,1517,0.1
1512,1513,0.9
1512,1517,0.1
1513,1517,0.9
1513,1519,0.1
1514,1517,0.9
1514,1519,0.1
1515,1517,0.9
1515,1519,0.1
1516,1517,0.9
1516,1519,0.1
1517,1518,0.9
1517,1520,0.1
1518,1520,0.9
1518,1524,0.1
1519,1521,0.9
1519,1525,0.1
1520,1522,0.9
1520,1526,0.1
1521,1523,0.9
1521,1527,0.1
1522,1527,0.9
1522,1530,0.1
1523,1527,0.9
1523,1530,0.1
1524,1526,0.9
1524,1529,0.1
1525,1527,0.9
1525,1530,0.1
1526,1528,0.9
1526,1531,0.1
1527,1528,0.9
1527,1531,0.1
1528,1531,0.9
1528,1534,0.1
1529,1532,0.9
1529,1535,0.1
1530,1532,0.9
1530,1535,0.1
1531,1533,0.9
1531,1536,0.1
1532,1533,0.9
1532,1536,0.1
1533,1536,0.9
1533,1538,0.1
1534,1536,0.9
1534,1538,0.1
1535,1536,0.9
1535,1538,0.1
1536,1537,0.9
1536,1539,0.1
1537,1539,0.9
1537,1543,0.1
1538,1540,0.9
1538,1544,0.1
1539,1541,0.9
1539,1545,0.1
1540,1542,0.9
1540,1546,0.1
1541,1546,0.9
1541,1552,0.1
1542,1547,0.9
1542,1553,0.1
1543,1545,0.9
1543,1551,0.1
1544,1546,0.9
1544,1552,0.1
1545,1548,0.9
1545,1554,0.1
1546,1549,0.9
1546,1555,0.1
1547,1550,0.9
1547,1556,0.1
1548,1555,0.9
1548,1562,0.1
1549,1556,0.9
1549,1563,0.1
1550,1556,0.9
1550,1563,0.1
1551,1557,0.9
1551,1564,0.1
1552,1558,0.9
1552,1565,0.1
1553,1559,0.9
1553,1566,0.1
1554,1560,0.9
1554,1567,0.1
1555,1561,0.9
1555,1568,0.1
1556,1561,0.9
1556,1568,0.1
1557,1560,0.9
1557,1567,0.1
1558,1561,0.9
1558,1568,0.1
1559,1561,0.9
1559,1568,0.1
1560,1568,0.9
1560,1571,0.1
1561,1568,0.9
1561,1571,0.1
1562,1568,0.9
1562,1571,0.1
1563,1568,0.9
1563,1571,0.1
1564,1567,0.9
1564,1570,0.1
1565,1568,0.9
1565,1571,0.1
1566,1568,0.9
1566,1571,0.1
1567,1569,0.9
1567,1572,0.1
1568,1569,0.9
1568,1572,0.1
1569,1572,0.9
1569,1576,0.1
1570,1573,0.9
1570,1577,0.1
1571,1573,0.9
1571,1577,0.1
1572,1574,0.9
1572,1578,0.1
1573,1575,0.9
1573,1579,0.1
1574,1579,0.9
1574,1582,0.1
1575,1579,0.9
1575,1582,0.1
1576,1578,0.9
1576,1581,0.1
1577,1579,0.9
1577,1582,0.1
1578,1580,0.9
1578,1583,0.1
1579,1580,0.9
1579,1583,0.1
1580,1583,0.9
1580,1586,0.1
1581,1584,0.9
1581,1587,0.1
1582,1584,0.9
1582,1587,0.1
1583,1585,0.9
1583,1588,0.1
1584,1585,0.9
1584,1588,0.1
1585,1588,0.9
1585,1590,0.1
1586,1588,0.9
1586,1590,0.1
1587,1588,0.9
1587,1590,0.1
1588,1589,0.9
1588,1591,0.1
1589,1591,0.9
1589,1595,0.1
1590,1592,0.9
1590,1596,0.1
1591,1593,0.9
1591,1597,0.1
1592,1594,0.9
1592,1598,0.1
1593,1598,0.9
1593,1603,0.1
1594,1599,0.9
1594,1604,0.1
1595,1597,0.9
1595,1602,0.1
1596,1598,0.9
1596,1603,0.1
1597,1600,0.9
1597,1605,0.1
1598,1601,0.9
1598,1606,0.1
1599,1601,0.9
1599,1606,0.1
1600,1606,0.9
1600,1610,0.1
1601,1606,0.9
1601,1610,0.1
1602,1607,0.9
1602,1611,0.1
1603,1608,0.9
1603,1612,0.1
1604,1608,0.9
1604,1612,0.1
1605,1609,0.9
1605,1613,0.1
1606,1609,0.9
1606,1613,0.1
1607,1609,0.9
1607,1613,0.1
1608,1609,0.9
1608,1613,0.1
1609,1613,0.9
1609,1615,0.1
1610,1613,0.9
1610,1615,0.1
1611,1613,0.9
1611,1615,0.1
1612,1613,0.9
1612,1615,0.1
1613,1614,0.9
1613,1616,0.1
1614,1616,0.9
1614,1620,0.1
1615,1617,0.9
1615,1621,0.1
1616,1618,0.9
1616,1622,0.1
1617,1619,0.9
1617,1623,0.1
1618,1623,0.9
1618,1626,0.1
1619,1623,0.9
1619,1626,0.1
1620,1622,0.9
1620,1625,0.1
1621,1623,0.9
1621,1626,0.1
1622,1624,0.9
1622,1627,0.1
1623,1624,0.9
1623,1627,0.1
1624,1627,0.9
1624,1630,0.1
1625,1628,0.9
1625,1631,0.1
1626,1628,0.9
1626,1631,0.1
1627,1629,0.9
1627,1632,0.1
1628,1629,0.9
1628,1632,0.1
1629,1632,0.9
1629,1634,0.1
1630,1632,0.9
1630,1634,0.1
1631,1632,0.9
1631,1634,0.1
1632,1633,0.9
1632,1635,0.1
1633,1635,0.9
1633,1639,0.1
1634,1636,0.9
1634,1640,0.1
1635,1637,0.9
1635,1641,0.1
1636,1638,0.9
1636,1642,0.1
1637,1642,0.9
1637,1648,0.1
1638,1643,0.9
1638,1649,0.1
1639,1641,0.9
1639,1647,0.1
1640,1642,0.9
1640,1648,0.1
1641,1644,0.9
1641,1650,0.1
1642,1645,0.9
1642,1651,0.1
1643,1646,0.9
1643,1652,0.1
1644,1651,0.9
1644,1661,0.1
1645,1652,0.9
1645,1662,0.1
1646,1653,0.9
1646,1663,0.1
1647,1654,0.9
1647,1664,0.1
1648,1655,0.9
1648,1665,0.1
1649,1656,0.9
1649,1666,0.1
1650,1657,0.9
1650,1667,0.1
1651,1658,0.9
1651,1668,0.1
1652,1659,0.9
1652,1669,0.1
1653,1660,0.9
1653,1670,0.1
1654,1657,0.9
1654,1667,0.1
1655,1658,0.9
1655,1668,0.1
1656,1659,0.9
1656,1669,0.1
1657,1668,0.9
1657,1678,0.1
1658,1669,0.9
1658,1679,0.1
1659,1670,0.9
1659,1680,0.1
1660,1671,0.9
1660,1681,0.1
1661,1668,0.9
1661,1678,0.1
1662,1669,0.9
1662,1679,0.1
1663,1670,0.9
1663,1680,0.1
1664,1667,0.9
1664,1677,0.1
1665,1668,0.9
1665,1678,0.1
1666,1669,0.9
1666,1679,0.1
1667,1672,0.9
1667,1682,0.1
1668,1673,0.9
1668,1683,0.1
1669,1674,0.9
1669,1684,0.1
1670,1675,0.9
1670,1685,0.1
1671,1676,0.9
1671,1686,0.1
1672,1683,0.9
1672,1700,0.1
1673,1684,0.9
1673,1701,0.1
1674,1685,0.9
1674,1702,0.1
1675,1686,0.9
1675,1703,0.1
1676,1686,0.9
1676,1703,0.1
1677,1687,0.9
1677,1704,0.1
1678,1688,0.9
1678,1705,0.1
1679,1689,0.9
1679,1706,0.1
1680,1690,0.9
1680,1707,0.1
1681,1691,0.9
1681,1708,0.1
1682,1692,0.9
1682,1709,0.1
1683,1693,0.9
1683,1710,0.1
1684,1694,0.9
1684,1711,0.1
1685,1695,0.9
1685,1712,0.1
1686,1695,0.9
1686,1712,0.1
1687,1696,0.9
1687,1713,0.1
1688,1697,0.9
1688,1714,0.1
1689,1698,0.9
1689,1715,0.1
1690,1699,0.9
1690,1716,0.1
1691,1699,0.9
1691,1716,0.1
1692,1714,0.9
1692,1724,0.1
1693,1715,0.9
1693,1725,0.1
1694,1716,0.9
1694,1726,0.1
1695,1716,0.9
1695,1726,0.1
1696,1714,0.9
1696,1724,0.1
1697,1715,0.9
1697,1725,0.1
1698,1716,0.9
1698,1726,0.1
1699,1716,0.9
1699,1726,0.1
1700,1710,0.9
1700,1720,0.1
1701,1711,0.9
1701,1721,0.1
1702,1712,0.9
1702,1722,0.1
1703,1712,0.9
1703,1722,0.1
1704,1713,0.9
1704,1723,0.1
1705,1714,0.9
1705,1724,0.1
1706,1715,0.9
1706,1725,0.1
1707,1716,0.9
1707,1726,0.1
1708,1716,0.9
1708,1726,0.1
1709,1717,0.9
1709,1727,0.1
1710,1718,0.9
1710,1728,0.1
1711,1719,0.9
1711,1729,0.1
1712,1719,0.9
1712,1729,0.1
1713,1717,0.9
1713,1727,0.1
1714,1718,0.9
1714,1728,0.1
1715,1719,0.9
1715,1729,0.1
1716,1719,0.9
1716,1729,0.1
1717,1728,0.9
1717,1735,0.1
1718,1729,0.9
1718,1736,0.1
1719,1729,0.9
1719,1736,0.1
1720,1731,0.9
1720,1738,0.1
1721,1732,0.9
1721,1739,0.1
1722,1732,0.9
1722,1739,0.1
1723,1730,0.9
1723,1737,0.1
1724,1731,0.9
1724,1738,0.1
1725,1732,0.9
1725,1739,0.1
1726,1732,0.9
1726,1739,0.1
1727,1733,0.9
1727,1740,0.1
1728,1734,0.9
1728,1741,0.1
1729,1734,0.9
1729,1741,0.1
1730,1733,0.9
1730,1740,0.1
1731,1734,0.9
1731,1741,0.1
1732,1734,0.9
1732,1741,0.1
1733,1741,0.9
1733,1744,0.1
1734,1741,0.9
1734,1744,0.1
1735,1741,0.9
1735,1744,0.1
1736,1741,0.9
1736,1744,0.1
1737,1740,0.9
1737,1743,0.1
1738,1741,0.9
1738,1744,0.1
1739,1741,0.9
1739,1744,0.1
1740,1742,0.9
1740,1745,0.1
1741,1742,0.9
1741,1745,0.1
1742,1745,0.9
1742,1749,0.1
1743,1746,0.9
1743,1750,0.1
1744,1746,0.9
1744,1750,0.1
1745,1747,0.9
1745,1751,0.1
1746,1748,0.9
1746,1752,0.1
1747,1752,0.9
1747,1757,0.1
1748,1753,0.9
1748,1758,0.1
1749,1751,0.9
1749,1756,0.1
1750,1752,0.9
1750,1757,0.1
1751,1754,0.9
1751,1759,0.1
1752,1755,0.9
1752,1760,0.1
1753,1755,0.9
1753,1760,0.1
1754,1760,0.9
1754,1764,0.1
1755,1760,0.9
1755,1764,0.1
1756,1761,0.9
1756,1765,0.1
1757,1762,0.9
1757,1766,0.1
1758,1762,0.9
1758,1766,0.1
1759,1763,0.9
1759,1767,0.1
1760,1763,0.9
1760,1767,0.1
1761,1763,0.9
1761,1767,0.1
1762,1763,0.9
1762,1767,0.1
1763,1767,0.9
1763,1769,0.1
1764,1767,0.9
1764,1769,0.1
1765,1767,0.9
1765,1769,0.1
1766,1767,0.9
1766,1769,0.1
1767,1768,0.9
1767,1770,0.1
1768,1770,0.9
1768,1774,0.1
1769,1771,0.9
1769,1775,0.1
1770,1772,0.9
1770,1776,0.1
1771,1773,0.9
1771,1777,0.1
1772,1777,0.9
1772,1780,0.1
1773,1777,0.9
1773,1780,0.1
1774,1776,0.9
1774,1779,0.1
1775,1777,0.9
1775,1780,0.1
1776,1778,0.9
1776,1781,0.1
1777,1778,0.9
1777,1781,0.1
1778,1781,0.9
1778,1784,0.1
1779,1782,0.9
1779,1785,0.1
1780,1782,0.9
1780,1785,0.1
1781,1783,0.9
1781,1786,0.1
1782,1783,0.9
1782,1786,0.1
1783,1786,0.9
1783,1788,0.1
1784,1786,0.9
1784,1788,0.1
1785,1786,0.9
1785,1788,0.1
1786,1787,0.9
1786,1789,0.1
1787,1789,0.9
1787,1793,0.1
1788,1790,0.9
1788,1794,0.1
1789,1791,0.9
1789,1795,0.1
1790,1792,0.9
1790,1796,0.1
1791,1796,0.9
1791,1802,0.1
1792,1797,0.9
1792,1803,0.1
1793,1795,0.9
1793,1801,0.1
1794,1796,0.9
1794,1802,0.1
1795,1798,0.9
1795,1804,0.1
1796,1799,0.9
1796,1805,0.1
1797,1800,0.9
1797,1806,0.1
1798,1805,0.9
1798,1812,0.1
1799,1806,0.9
1799,1813,0.1
1800,1806,0.9
1800,1813,0.1
1801,1807,0.9
1801,1814,0.1
1802,1808,0.9
1802,1815,0.1
1803,1809,0.9
1803,1816,0.1
1804,1810,0.9
1804,1817,0.1
1805,1811,0.9
1805,1818,0.1
1806,1811,0.9
1806,1818,0.1
1807,1810,0.9
1807,1817,0.1
1808,1811,0.9
1808,1818,0.1
1809,1811,0.9
1809,1818,0.1
1810,1818,0.9
1810,1821,0.1
1811,1818,0.9
1811,1821,0.1
1812,1818,0.9
1812,1821,0.1
1813,1818,0.9
1813,1821,0.1
1814,1817,0.9
1814,1820,0.1
1815,1818,0.9
1815,1821,0.1
1816,1818,0.9
1816,1821,0.1
1817,1819,0.9
1817,1822,0.1
1818,1819,0.9
1818,1822,0.1
1819,1822,0.9
1819,1826,0.1
1820,1823,0.9
1820,1827,0.1
1821,1823,0.9
1821,1827,0.1
1822,1824,0.9
1822,1828,0.1
1823,1825,0.9
1823,1829,0.1
1824,1829,0.9
1824,1832,0.1
1825,1829,0.9
1825,1832,0.1
1826,1828,0.9
1826,1831,0.1
1827,1829,0.9
1827,1832,0.1
1828,1830,0.9
1828,1833,0.1
1829,1830,0.9
1829,1833,0.1
1830,1833,0.9
1830,1836,0.1
1831,1834,0.9
1831,1837,0.1
1832,1834,0.9
1832,1837,0.1
1833,1835,0.9
1833,1838,0.1
1834,1835,0.9
1834,1838,0.1
1835,1838,0.9
1835,1840,0.1
1836,1838,0.9
1836,1840,0.1
1837,1838,0.9
1837,1840,0.1
1838,1839,0.9
1838,1841,0.1
1839,1841,0.9
1839,1845,0.1
1840,1842,0.9
1840,1846,0.1
1841,1843,0.9
1841,1847,0.1
1842,1844,0.9
1842,1848,0.1
1843,1848,0.9
1843,1853,0.1
1844,1849,0.9
1844,1854,0.1
1845,1847,0.9
1845,1852,0.1
1846,1848,0.9
1846,1853,0.1
1847,1850,0.9
1847,1855,0.1
1848,1851,0.9
1848,1856,0.1
1849,1851,0.9
1849,1856,0.1
1850,1856,0.9
1850,1860,0.1
1851,1856,0.9
1851,1860,0.1
1852,1857,0.9
1852,1861,0.1
1853,1858,0.9
1853,1862,0.1
1854,1858,0.9
1854,1862,0.1
1855,1859,0.9
1855,1863,0.1
1856,1859,0.9
1856,1863,0.1
1857,1859,0.9
1857,1863,0.1
1858,1859,0.9
1858,1863,0.1
1859,1863,0.9
1859,1865,0.1
1860,1863,0.9
1860,1865,0.1
1861,1863,0.9
1861,1865,0.1
1862,1863,0.9
1862,1865,0.1
1863,1864,0.9
1863,1866,0.1
1864,1866,0.9
1864,1870,0.1
1865,1867,0.9
1865,1871,0.1
1866,1868,0.9
1866,1872,0.1
1867,1869,0.9
1867,1873,0.1
1868,1873,0.9
1868,1876,0.1
1869,1873,0.9
1869,1876,0.1
1870,1872,0.9
1870,1875,0.1
1871,1873,0.9
1871,1876,0.1
1872,1874,0.9
1872,1877,0.1
1873,1874,0.9
1873,1877,0.1
1874,1877,0.9
1874,1880,0.1
1875,1878,0.9
1875,1881,0.1
1876,1878,0.9
1876,1881,0.1
1877,1879,0.9
1877,1882,0.1
1878,1879,0.9
1878,1882,0.1
1879,1882,0.9
1879,1884,0.1
1880,1882,0.9
1880,1884,0.1
1881,1882,0.9
1881,1884,0.1
1882,1883,0.9
1882,1885,0.1
1883,1885,0.9
1883,1889,0.1
1884,1886,0.9
1884,1890,0.1
1885,1887,0.9
1885,1891,0.1
1886,1888,0.9
1886,1892,0.1
1887,1892,0.9
1887,1898,0.1
1888,1893,0.9
1888,1899,0.1
1889,1891,0.9
1889,1897,0.1
1890,1892,0.9
1890,1898,0.1
1891,1894,0.9
1891,1900,0.1
1892,1895,0.9
1892,1901,0.1
1893,1896,0.9
1893,1902,0.1
1894,1901,0.9
1894,1910,0.1
1895,1902,0.9
1895,1911,0.1
1896,1903,0.9
1896,1912,0.1
1897,1904,0.9
1897,1913,0.1
1898,1905,0.9
1898,1914,0.1
1899,1906,0.9
1899,1915,0.1
1900,1907,0.9
1900,1916,0.1
1901,1908,0.9
1901,1917,0.1
1902,1909,0.9
1902,1918,0.1
1903,1909,0.9
1903,1918,0.1
1904,1907,0.9
1904,1916,0.1
1905,1908,0.9
1905,1917,0.1
1906,1909,0.9
1906,1918,0.1
1907,1917,0.9
1907,1922,0.1
1908,1918,0.9
1908,1923,0.1
1909,1918,0.9
1909,1923,0.1
1910,1917,0.9
1910,1922,0.1
1911,1918,0.9
1911,1923,0.1
1912,1918,0.9
1912,1923,0.1
1913,1916,0.9
1913,1921,0.1
1914,1917,0.9
1914,1922,0.1
1915,1918,0.9
1915,1923,0.1
1916,1919,0.9
1916,1924,0.1
1917,1920,0.9
1917,1925,0.1
1918,1920,0.9
1918,1925,0.1
1919,1925,0.9
1919,1930,0.1
1920,1925,0.9
1920,1930,0.1
1921,1926,0.9
1921,1931,0.1
1922,1927,0.9
1922,1932,0.1
1923,1927,0.9
1923,1932,0.1
1924,1928,0.9
1924,1933,0.1
1925,1928,0.9
1925,1933,0.1
1926,1929,0.9
1926,1934,0.1
1927,1929,0.9
1927,1934,0.1
1928,1934,0.9
1928,1937,0.1
1929,1934,0.9
1929,1937,0.1
1930,1933,0.9
1930,1936,0.1
1931,1934,0.9
1931,1937,0.1
1932,1934,0.9
1932,1937,0.1
1933,1935,0.9
1933,1938,0.1
1934,1935,0.9
1934,1938,0.1
1935,1938,0.9
1935,1941,0.1
1936,1939,0.9
1936,1942,0.1
1937,1939,0.9
1937,1942,0.1
1938,1940,0.9
1938,1943,0.1
1939,1940,0.9
1939,1943,0.1
1940,1943,0.9
1940,1945,0.1
1941,1943,0.9
1941,1945,0.1
1942,1943,0.9
1942,1945,0.1
1943,1944,0.9
1943,1946,0.1
1944,1946,0.9
1944,1950,0.1
1945,1947,0.9
1945,1951,0.1
1946,1948,0.9
1946,1952,0.1
1947,1949,0.9
1947,1953,0.1
1948,1953,0.9
1948,1958,0.1
1949,1954,0.9
1949,1959,0.1
1950,1952,0.9
1950,1957,0.1
1951,1953,0.9
1951,1958,0.1
1952,1955,0.9
1952,1960,0.1
1953,1956,0.9
1953,1961,0.1
1954,1956,0.9
1954,1961,0.1
1955,1961,0.9
1955,1965,0.1
1956,1961,0.9
1956,1965,0.1
1957,1962,0.9
1957,1966,0.1
1958,1963,0.9
1958,1967,0.1
1959,1963,0.9
1959,1967,0.1
1960,1964,0.9
1960,1968,0.1
1961,1964,0.9
1961,1968,0.1
1962,1964,0.9
1962,1968,0.1
1963,1964,0.9
1963,1968,0.1
1964,1968,0.9
1964,1970,0.1
1965,1968,0.9
1965,1970,0.1
1966,1968,0.9
1966,1970,0.1
1967,1968,0.9
1967,1970,0.1
1968,1969,0.9
1968,1971,0.1
1969,1971,0.9
1969,1975,0.1
1970,1972,0.9
1970,1976,0.1
1971,1973,0.9
1971,1977,0.1
1972,1974,0.9
1972,1978,0.1
1973,1978,0.9
1973,1981,0.1
1974,1978,0.9
1974,1981,0.1
1975,1977,0.9
1975,1980,0.1
1976,1978,0.9
1976,1981,0.1
1977,1979,0.9
1977,1982,0.1
1978,1979,0.9
1978,1982,0.1
1979,1982,0.9
1979,1985,0.1
1980,1983,0.9
1980,1986,0.1
1981,1983,0.9
1981,1986,0.1
1982,1984,0.9
1982,1987,0.1
1983,1984,0.9
1983,1987,0.1
1984,1987,0.9
1984,1989,0.1
1985,1987,0.9
1985,1989,0.1
1986,1987,0.9
1986,1989,0.1
1987,1988,0.9
1987,1990,0.1
1988,1990,0.9
1988,1994,0.1
1989,1991,0.9
1989,1995,0.1
1990,1992,0.9
1990,1996,0.1
1991,1993,0.9
1991,1997,0.1
1992,1997,0.9
1992,2003,0.1
1993,1998,0.9
1993,2004,0.1
1994,1996,0.9
1994,2002,0.1
1995,1997,0.9
1995,2003,0.1
1996,1999,0.9
1996,2005,0.1
1997,2000,0.9
1997,2006,0.1
1998,2001,0.9
1998,2007,0.1
1999,2006,0.9
1999,2013,0.1
2000,2007,0.9
2000,2014,0.1
2001,2007,0.9
2001,2014,0.1
2002,2008,0.9
2002,2015,0.1
2003,2009,0.9
2003,2016,0.1
2004,2010,0.9
2004,2017,0.1
2005,2011,0.9
2005,2018,0.1
2006,2012,0.9
2006,2019,0.1
2007,2012,0.9
2007,2019,0.1
2008,2011,0.9
2008,2018,0.1
2009,2012,0.9
2009,2019,0.1
2010,2012,0.9
2010,2019,0.1
2011,2019,0.9
2011,2022,0.1
2012,2019,0.9
2012,2022,0.1
2013,2019,0.9
2013,2022,0.1
2014,2019,0.9
2014,2022,0.1
2015,2018,0.9
2015,2021,0.1
2016,2019,0.9
2016,2022,0.1
2017,2019,0.9
2017,2022,0.1
2018,2020,0.9
2018,2023,0.1
2019,2020,0.9
2019,2023,0.1
2020,2023,0.9
2020,2027,0.1
2021,2024,0.9
2021,2028,0.1
2022,2024,0.9
2022,2028,0.1
2023,2025,0.9
2023,2029,0.1
2024,2026,0.9
2024,2030,0.1
2025,2030,0.9
2025,2033,0.1
2026,2030,0.9
2026,2033,0.1
2027,2029,0.9
2027,2032,0.1
2028,2030,0.9
2028,2033,0.1
2029,2031,0.9
2029,2034,0.1
2030,2031,0.9
2030,2034,0.1
2031,2034,0.9
2031,2037,0.1
2032,2035,0.9
2032,2038,0.1
2033,2035,0.9
2033,2038,0.1
2034,2036,0.9
2034,2039,0.1
2035,2036,0.9
2035,2039,0.1
2036,2039,0.9
2036,2041,0.1
2037,2039,0.9
2037,2041,0.1
2038,2039,0.9
2038,2041,0.1
2039,2040,0.9
2039,2042,0.1
2040,2042,0.9
2040,2046,0.1
2041,2043,0.9
2041,2047,0.1
2042,2044,0.9
2042,2048,0.1
2043,2045,0.9
2043,2049,0.1
2044,2049,0.9
2044,2054,0.1
2045,2050,0.9
2045,2055,0.1
2046,2048,0.9
2046,2053,0.1
2047,2049,0.9
2047,2054,0.1
2048,2051,0.9
2048,2056,0.1
2049,2052,0.9
2049,2057,0.1
2050,2052,0.9
2050,2057,0.1
2051,2057,0.9
2051,2061,0.1
2052,2057,0.9
2052,2061,0.1
2053,2058,0.9
2053,2062,0.1
2054,2059,0.9
2054,2063,0.1
2055,2059,0.9
2055,2063,0.1
2056,2060,0.9
2056,2064,0.1
2057,2060,0.9
2057,2064,0.1
2058,2060,0.9
2058,2064,0.1
2059,2060,0.9
2059,2064,0.1
2060,2064,0.9
2060,2066,0.1
2061,2064,0.9
2061,2066,0.1
2062,2064,0.9
2062,2066,0.1
2063,2064,0.9
2063,2066,0.1
2064,2065,0.9
2064,2067,0.1
2065,2067,0.9
2065,2071,0.1
2066,2068,0.9
2066,2072,0.1
2067,2069,0.9
2067,2073,0.1
2068,2070,0.9
2068,2074,0.1
2069,2074,0.9
2069,2077,0.1
2070,2074,0.9
2070,2077,0.1
2071,2073,0.9
2071,2076,0.1
2072,2074,0.9
2072,2077,0.1
2073,2075,0.9
2073,2078,0.1
2074,2075,0.9
2074,2078,0.1
2075,2078,0.9
2075,2081,0.1
2076,2079,0.9
2076,2082,0.1
2077,2079,0.9
2077,2082,0.1
2078,2080,0.9
2078,2083,0.1
2079,2080,0.9
2079,2083,0.1
2080,2083,0.9
2080,2085,0.1
2081,2083,0.9
2081,2085,0.1
2082,2083,0.9
2082,2085,0.1
2083,2084,0.9
2083,2086,0.1
2084,2086,0.9
2084,2090,0.1
2085,2087,0.9
2085,2091,0.1
2086,2088,0.9
2086,2092,0.1
2087,2089,0.9
2087,2093,0.1
2088,2093,0.9
2088,2099,0.1
2089,2094,0.9
2089,2100,0.1
2090,2092,0.9
2090,2098,0.1
2091,2093,0.9
2091,2099,0.1
2092,2095,0.9
2092,2101,0.1
2093,2096,0.9
2093,2102,0.1
2094,2097,0.9
2094,2103,0.1
2095,2102,0.9
2095,2112,0.1
2096,2103,0.9
2096,2113,0.1
2097,2104,0.9
2097,2114,0.1
2098,2105,0.9
2098,2115,0.1
2099,2106,0.9
2099,2116,0.1
2100,2107,0.9
2100,2117,0.1
2101,2108,0.9
2101,2118,0.1
2102,2109,0.9
2102,2119,0.1
2103,2110,0.9
2103,2120,0.1
2104,2111,0.9
2104,2121,0.1
2105,2108,0.9
2105,2118,0.1
2106,2109,0.9
2106,2119,0.1
2107,2110,0.9
2107,2120,0.1
2108,2119,0.9
2108,2126,0.1
2109,2120,0.9
2109,2127,0.1
2110,2121,0.9
2110,2128,0.1
2111,2121,0.9
2111,2128,0.1
2112,2119,0.9
2112,2126,0.1
2113,2120,0.9
2113,2127,0.1
2114,2121,0.9
2114,2128,0.1
2115,2118,0.9
2115,2125,0.1
2116,2119,0.9
2116,2126,0.1
2117,2120,0.9
2117,2127,0.1
2118,2122,0.9
2118,2129,0.1
2119,2123,0.9
2119,2130,0.1
2120,2124,0.9
2120,2131,0.1
2121,2124,0.9
2121,2131,0.1
2122,2130,0.9
2122,2139,0.1
2123,2131,0.9
2123,2140,0.1
2124,2131,0.9
2124,2140,0.1
2125,2132,0.9
2125,2141,0.1
2126,2133,0.9
2126,2142,0.1
2127,2134,0.9
2127,2143,0.1
2128,2134,0.9
2128,2143,0.1
2129,2135,0.9
2129,2144,0.1
2130,2136,0.9
2130,2145,0.1
2131,2136,0.9
2131,2145,0.1
2132,2137,0.9
2132,2146,0.1
2133,2138,0.9
2133,2147,0.1
2134,2138,0.9
2134,2147,0.1
2135,2147,0.9
2135,2151,0.1
2136,2147,0.9
2136,2151,0.1
2137,2147,0.9
2137,2151,0.1
2138,2147,0.9
2138,2151,0.1
2139,2145,0.9
2139,2149,0.1
2140,2145,0.9
2140,2149,0.1
2141,2146,0.9
2141,2150,0.1
2142,2147,0.9
2142,2151,0.1
2143,2147,0.9
2143,2151,0.1
2144,2148,0.9
2144,2152,0.1
2145,2148,0.9
2145,2152,0.1
2146,2148,0.9
2146,2152,0.1
2147,2148,0.9
2147,2152,0.1
2148,2152,0.9
2148,2155,0.1
2149,2153,0.9
2149,2156,0.1
2150,2153,0.9
2150,2156,0.1
2151,2153,0.9
2151,2156,0.1
2152,2154,0.9
2152,2157,0.1
2153,2154,0.9
2153,2157,0.1
2154,2157,0.9
2154,2159,0.1
2155,2157,0.9
2155,2159,0.1
2156,2157,0.9
2156,2159,0.1
2157,2158,0.9
2157,2160,0.1
2158,2160,0.9
2158,2164,0.1
2159,2161,0.9
2159,2165,0.1
2160,2162,0.9
2160,2166,0.1
2161,2163,0.9
2161,2167,0.1
2162,2167,0.9
2162,2172,0.1
2163,2168,0.9
2163,2173,0.1
2164,2166,0.9
2164,2171,0.1
2165,2167,0.9
2165,2172,0.1
2166,2169,0.9
2166,2174,0.1
2167,2170,0.9
2167,2175,0.1
2168,2170,0.9
2168,2175,0.1
2169,2175,0.9
2169,2179,0.1
2170,2175,0.9
2170,2179,0.1
2171,2176,0.9
2171,2180,0.1
2172,2177,0.9
2172,2181,0.1
2173,2177,0.9
2173,2181,0.1
2174,2178,0.9
2174,2182,0.1
2175,2178,0.9
2175,2182,0.1
2176,2178,0.9
2176,2182,0.1
2177,2178,0.9
2177,2182,0.1
2178,2182,0.9
2178,2184,0.1
2179,2182,0.9
2179,2184,0.1
2180,2182,0.9
2180,2184,0.1
2181,2182,0.9
2181,2184,0.1
2182,2183,0.9
2182,2185,0.1
2183,2185,0.9
2183,2189,0.1
2184,2186,0.9
2184,2190,0.1
2185,2187,0.9
2185,2191,0.1
2186,2188,0.9
2186,2192,0.1
2187,2192,0.9
2187,2195,0.1
2188,2192,0.9
2188,2195,0.1
2189,2191,0.9
2189,2194,0.1
2190,2192,0.9
2190,2195,0.1
2191,2193,0.9
2191,2196,0.1
2192,2193,0.9
2192,2196,0.1
2193,2196,0.9
2193,2199,0.1
2194,2197,0.9
2194,2200,0.1
2195,2197,0.9
2195,2200,0.1
2196,2198,0.9
2196,2201,0.1
2197,2198,0.9
2197,2201,0.1
2198,2201,0.9
2198,2203,0.1
2199,2201,0.9
2199,2203,0.1
2200,2201,0.9
2200,2203,0.1
2201,2202,0.9
2201,2204,0.1
2202,2204,0.9
2202,2208,0.1
2203,2205,0.9
2203,2209,0.1
2204,2206,0.9
2204,2210,0.1
2205,2207,0.9
2205,2211,0.1
2206,2211,0.9
2206,2217,0.1
2207,2212,0.9
2207,2218,0.1
2208,2210,0.9
2208,2216,0.1
2209,2211,0.9
2209,2217,0.1
2210,2213,0.9
2210,2219,0.1
2211,2214,0.9
2211,2220,0.1
2212,2215,0.9
2212,2221,0.1
2213,2220,0.9
2213,2227,0.1
2214,2221,0.9
2214,2228,0.1
2215,2221,0.9
2215,2228,0.1
2216,2222,0.9
2216,2229,0.1
2217,2223,0.9
2217,2230,0.1
2218,2224,0.9
2218,2231,0.1
2219,2225,0.9
2219,2232,0.1
2220,2226,0.9
2220,2233,0.1
2221,2226,0.9
2221,2233,0.1
2222,2225,0.9
2222,2232,0.1
2223,2226,0.9
2223,2233,0.1
2224,2226,0.9
2224,2233,0.1
2225,2233,0.9
2225,2236,0.1
2226,2233,0.9
2226,2236,0.1
2227,2233,0.9
2227,2236,0.1
2228,2233,0.9
2228,2236,0.1
2229,2232,0.9
2229,2235,0.1
2230,2233,0.9
2230,2236,0.1
2231,2233,0.9
2231,2236,0.1
2232,2234,0.9
2232,2237,0.1
2233,2234,0.9
2233,2237,0.1
2234,2237,0.9
2234,2241,0.1
2235,2238,0.9
2235,2242,0.1
2236,2238,0.9
2236,2242,0.1
2237,2239,0.9
2237,2243,0.1
2238,2240,0.9
2238,2244,0.1
2239,2244,0.9
2239,2247,0.1
2240,2244,0.9
2240,2247,0.1
2241,2243,0.9
2241,2246,0.1
2242,2244,0.9
2242,2247,0.1
2243,2245,0.9
2243,2248,0.1
2244,2245,0.9
2244,2248,0.1
2245,2248,0.9
2245,2251,0.1
2246,2249,0.9
2246,2252,0.1
2247,2249,0.9
2247,2252,0.1
2248,2250,0.9
2248,2253,0.1
2249,2250,0.9
2249,2253,0.1
2250,2253,0.9
2250,2255,0.1
2251,2253,0.9
2251,2255,0.1
2252,2253,0.9
2252,2255,0.1
2253,2254,0.9
2253,2256,0.1
2254,2256,0.9
2254,2260,0.1
2255,2257,0.9
2255,2261,0.1
2256,2258,0.9
2256,2262,0.1
2257,2259,0.9
2257,2263,0.1
2258,2263,0.9
2258,2268,0.1
2259,2264,0.9
2259,2269,0.1
2260,2262,0.9
2260,2267,0.1
2261,2263,0.9
2261,2268,0.1
2262,2265,0.9
2262,2270,0.1
2263,2266,0.9
2263,2271,0.1
2264,2266,0.9
2264,2271,0.1
2265,2271,0.9
2265,2275,0.1
2266,2271,0.9
2266,2275,0.1
2267,2272,0.9
2267,2276,0.1
2268,2273,0.9
2268,2277,0.1
2269,2273,0.9
2269,2277,0.1
2270,2274,0.9
2270,2278,0.1
2271,2274,0.9
2271,2278,0.1
2272,2274,0.9
2272,2278,0.1
2273,2274,0.9
2273,2278,0.1
2274,2278,0.9
2274,2280,0.1
2275,2278,0.9
2275,2280,0.1
2276,2278,0.9
2276,2280,0.1
2277,2278,0.9
2277,2280,0.1
2278,2279,0.9
2278,2281,0.1
2279,2281,0.9
2279,2285,0.1
2280,2282,0.9
2280,2286,0.1
2281,2283,0.9
2281,2287,0.1
2282,2284,0.9
2282,2288,0.1
2283,2288,0.9
2283,2291,0.1
2284,2288,0.9
2284,2291,0.1
2285,2287,0.9
2285,2290,0.1
2286,2288,0.9
2286,2291,0.1
2287,2289,0.9
2287,2292,0.1
2288,2289,0.9
2288,2292,0.1
2289,2292,0.9
2289,2295,0.1
2290,2293,0.9
2290,2296,0.1
2291,2293,0.9
2291,2296,0.1
2292,2294,0.9
2292,2297,0.1
2293,2294,0.9
2293,2297,0.1
2294,2297,0.9
2294,2299,0.1
2295,2297,0.9
2295,2299,0.1
2296,2297,0.9
2296,2299,0.1
2297,2298,0.9
2297,2300,0.1
2298,2300,0.9
2298,2304,0.1
2299,2301,0.9
2299,2305,0.1
2300,2302,0.9
2300,2306,0.1
2301,2303,0.9
2301,2307,0.1
2302,2307,0.9
2302,2313,0.1
2303,2308,0.9
2303,2314,0.1
2304,2306,0.9
2304,2312,0.1
2305,2307,0.9
2305,2313,0.1
2306,2309,0.9
2306,2315,0.1
2307,2310,0.9
2307,2316,0.1
2308,2311,0.9
2308,2317,0.1
2309,2316,0.9
2309,2325,0.1
2310,2317,0.9
2310,2326,0.1
2311,2318,0.9
2311,2327,0.1
2312,2319,0.9
2312,2328,0.1
2313,2320,0.9
2313,2329,0.1
2314,2321,0.9
2314,2330,0.1
2315,2322,0.9
2315,2331,0.1
2316,2323,0.9
2316,2332,0.1
2317,2324,0.9
2317,2333,0.1
2318,2324,0.9
2318,2333,0.1
2319,2322,0.9
2319,2331,0.1
2320,2323,0.9
2320,2332,0.1
2321,2324,0.9
2321,2333,0.1
2322,2332,0.9
2322,2337,0.1
2323,2333,0.9
2323,2338,0.1
2324,2333,0.9
2324,2338,0.1
2325,2332,0.9
2325,2337,0.1
2326,2333,0.9
2326,2338,0.1
2327,2333,0.9
2327,2338,0.1
2328,2331,0.9
2328,2336,0.1
2329,2332,0.9
2329,2337,0.1
2330,2333,0.9
2330,2338,0.1
2331,2334,0.9
2331,2339,0.1
2332,2335,0.9
2332,2340,0.1
2333,2335,0.9
2333,2340,0.1
2334,2340,0.9
2334,2345,0.1
2335,2340,0.9
2335,2345,0.1
2336,2341,0.9
2336,2346,0.1
2337,2342,0.9
2337,2347,0.1
2338,2342,0.9
2338,2347,0.1
2339,2343,0.9
2339,2348,0.1
2340,2343,0.9
2340,2348,0.1
2341,2344,0.9
2341,2349,0.1
2342,2344,0.9
2342,2349,0.1
2343,2349,0.9
2343,2352,0.1
2344,2349,0.9
2344,2352,0.1
2345,2348,0.9
2345,2351,0.1
2346,2349,0.9
2346,2352,0.1
2347,2349,0.9
2347,2352,0.1
2348,2350,0.9
2348,2353,0.1
2349,2350,0.9
2349,2353,0.1
2350,2353,0.9
2350,2356,0.1
2351,2354,0.9
2351,2357,0.1
2352,2354,0.9
2352,2357,0.1
2353,2355,0.9
2353,2358,0.1
2354,2355,0.9
2354,2358,0.1
2355,2358,0.9
2355,2360,0.1
2356,2358,0.9
2356,2360,0.1
2357,2358,0.9
2357,2360,0.1
2358,2359,0.9
2358,2361,0.1
2359,2361,0.9
2359,2365,0.1
2360,2362,0.9
2360,2366,0.1
2361,2363,0.9
2361,2367,0.1
2362,2364,0.9
2362,2368,0.1
2363,2368,0.9
2363,2373,0.1
2364,2369,0.9
2364,2374,0.1
2365,2367,0.9
2365,2372,0.1
2366,2368,0.9
2366,2373,0.1
2367,2370,0.9
2367,2375,0.1
2368,2371,0.9
2368,2376,0.1
2369,2371,0.9
2369,2376,0.1
2370,2376,0.9
2370,2380,0.1
2371,2376,0.9
2371,2380,0.1
2372,2377,0.9
2372,2381,0.1
2373,2378,0.9
2373,2382,0.1
2374,2378,0.9
2374,2382,0.1
2375,2379,0.9
2375,2383,0.1
2376,2379,0.9
2376,2383,0.1
2377,2379,0.9
2377,2383,0.1
2378,2379,0.9
2378,2383,0.1
2379,2383,0.9
2379,2385,0.1
2380,2383,0.9
2380,2385,0.1
2381,2383,0.9
2381,2385,0.1
2382,2383,0.9
2382,2385,0.1
2383,2384,0.9
2383,2386,0.1
2384,2386,0.9
2384,2390,0.1
2385,2387,0.9
2385,2391,0.1
2386,2388,0.9
2386,2392,0.1
2387,2389,0.9
2387,2393,0.1
2388,2393,0.9
2388,2396,0.1
2389,2393,0.9
2389,2396,0.1
2390,2392,0.9
2390,2395,0.1
2391,2393,0.9
2391,2396,0.1
2392,2394,0.9
2392,2397,0.1
2393,2394,0.9
2393,2397,0.1
2394,2397,0.9
2394,2400,0.1
2395,2398,0.9
2395,2401,0.1
2396,2398,0.9
2396,2401,0.1
2397,2399,0.9
2397,2402,0.1
2398,2399,0.9
2398,2402,0.1
2399,2402,0.9
2399,2404,0.1
2400,2402,0.9
2400,2404,0.1
2401,2402,0.9
2401,2404,0.1
2402,2403,0.9
2402,2405,0.1
2403,2405,0.9
2403,2409,0.1
2404,2406,0.9
2404,2410,0.1
2405,2407,0.9
2405,2411,0.1
2406,2408,0.9
2406,2412,0.1
2407,2412,0.9
2407,2418,0.1
2408,2413,0.9
2408,2419,0.1
2409,2411,0.9
2409,2417,0.1
2410,2412,0.9
2410,2418,0.1
2411,2414,0.9
2411,2420,0.1
2412,2415,0.9
2412,2421,0.1
2413,2416,0.9
2413,2422,0.1
2414,2421,0.9
2414,2428,0.1
2415,2422,0.9
2415,2429,0.1
2416,2422,0.9
2416,2429,0.1
2417,2423,0.9
2417,2430,0.1
2418,2424,0.9
2418,2431,0.1
2419,2425,0.9
2419,2432,0.1
2420,2426,0.9
2420,2433,0.1
2421,2427,0.9
2421,2434,0.1
2422,2427,0.9
2422,2434,0.1
2423,2426,0.9
2423,2433,0.1
2424,2427,0.9
2424,2434,0.1
2425,2427,0.9
2425,2434,0.1
2426,2434,0.9
2426,2437,0.1
2427,2434,0.9
2427,2437,0.1
2428,2434,0.9
2428,2437,0.1
2429,2434,0.9
2429,2437,0.1
2430,2433,0.9
2430,2436,0.1
2431,2434,0.9
2431,2437,0.1
2432,2434,0.9
2432,2437,0.1
2433,2435,0.9
2433,2438,0.1
2434,2435,0.9
2434,2438,0.1
2435,2438,0.9
2435,2442,0.1
2436,2439,0.9
2436,2443,0.1
2437,2439,0.9
2437,2443,0.1
2438,2440,0.9
2438,2444,0.1
2439,2441,0.9
2439,2445,0.1
2440,2445,0.9
2440,2448,0.1
2441,2445,0.9
2441,2448,0.1
2442,2444,0.9
2442,2447,0.1
2443,2445,0.9
2443,2448,0.1
2444,2446,0.9
2444,2449,0.1
2445,2446,0.9
2445,2449,0.1
2446,2449,0.9
2446,2452,0.1
2447,2450,0.9
2447,2453,0.1
2448,2450,0.9
2448,2453,0.1
2449,2451,0.9
2449,2454,0.1
2450,2451,0.9
2450,2454,0.1
2451,2454,0.9
2451,2456,0.1
2452,2454,0.9
2452,2456,0.1
2453,2454,0.9
2453,2456,0.1
2454,2455,0.9
2454,2457,0.1
2455,2457,0.9
2455,2461,0.1
2456,2458,0.9
2456,2462,0.1
2457,2459,0.9
2457,2463,0.1
2458,2460,0.9
2458,2464,0.1
2459,2464,0.9
2459,2469,0.1
2460,2465,0.9
2460,2470,0.1
2461,2463,0.9
2461,2468,0.1
2462,2464,0.9
2462,2469,0.1
2463,2466,0.9
2463,2471,0.1
2464,2467,0.9
2464,2472,0.1
2465,2467,0.9
2465,2472,0.1
2466,2472,0.9
2466,2476,0.1
2467,2472,0.9
2467,2476,0.1
2468,2473,0.9
2468,2477,0.1
2469,2474,0.9
2469,2478,0.1
2470,2474,0.9
2470,2478,0.1
2471,2475,0.9
2471,2479,0.1
2472,2475,0.9
2472,2479,0.1
2473,2475,0.9
2473,2479,0.1
2474,2475,0.9
2474,2479,0.1
2475,2479,0.9
2475,2481,0.1
2476,2479,0.9
2476,2481,0.1
2477,2479,0.9
2477,2481,0.1
2478,2479,0.9
2478,2481,0.1
2479,2480,0.9
2479,2482,0.1
2480,2482,0.9
2480,2486,0.1
2481,2483,0.9
2481,2487,0.1
2482,2484,0.9
2482,2488,0.1
2483,2485,0.9
2483,2489,0.1
2484,2489,0.9
2484,2492,0.1
2485,2489,0.9
2485,2492,0.1
2486,2488,0.9
2486,2491,0.1
2487,2489,0.9
2487,2492,0.1
2488,2490,0.9
2488,2493,0.1
2489,2490,0.9
2489,2493,0.1
2490,2493,0.9
2490,2496,0.1
2491,2494,0.9
2491,2497,0.1
2492,2494,0.9
2492,2497,0.1
2493,2495,0.9
2493,2498,0.1
2494,2495,0.9
2494,2498,0.1
2495,2498,0.9
2495,2500,0.1
2496,2498,0.9
2496,2500,0.1
2497,2498,0.9
2497,2500,0.1
2498,2499,0.9
2498,2501,0.1
2499,2501,0.9
2499,2505,0.1
2500,2502,0.9
2500,2506,0.1
2501,2503,0.9
2501,2507,0.1
2502,2504,0.9
2502,2508,0.1
2503,2508,0.9
2503,2514,0.1
2504,2509,0.9
2504,2515,0.1
2505,2507,0.9
2505,2513,0.1
2506,2508,0.9
2506,2514,0.1
2507,2510,0.9
2507,2516,0.1
2508,2511,0.9
2508,2517,0.1
2509,2512,0.9
2509,2518,0.1
2510,2517,0.9
2510,2527,0.1
2511,2518,0.9
2511,2528,0.1
2512,2519,0.9
2512,2529,0.1
2513,2520,0.9
2513,2530,0.1
2514,2521,0.9
2514,2531,0.1
2515,2522,0.9
2515,2532,0.1
2516,2523,0.9
2516,2533,0.1
2517,2524,0.9
2517,2534,0.1
2518,2525,0.9
2518,2535,0.1
2519,2526,0.9
2519,2536,0.1
2520,2523,0.9
2520,2533,0.1
2521,2524,0.9
2521,2534,0.1
2522,2525,0.9
2522,2535,0.1
2523,2534,0.9
2523,2543,0.1
2524,2535,0.9
2524,2544,0.1
2525,2536,0.9
2525,2545,0.1
2526,2537,0.9
2526,2546,0.1
2527,2534,0.9
2527,2543,0.1
2528,2535,0.9
2528,2544,0.1
2529,2536,0.9
2529,2545,0.1
2530,2533,0.9
2530,2542,0.1
2531,2534,0.9
2531,2543,0.1
2532,2535,0.9
2532,2544,0.1
2533,2538,0.9
2533,2547,0.1
2534,2539,0.9
2534,2548,0.1
2535,2540,0.9
2535,2549,0.1
2536,2541,0.9
2536,2550,0.1
2537,2541,0.9
2537,2550,0.1
2538,2548,0.9
2538,2561,0.1
2539,2549,0.9
2539,2562,0.1
2540,2550,0.9
2540,2563,0.1
2541,2550,0.9
2541,2563,0.1
2542,2551,0.9
2542,2564,0.1
2543,2552,0.9
2543,2565,0.1
2544,2553,0.9
2544,2566,0.1
2545,2554,0.9
2545,2567,0.1
2546,2554,0.9
2546,2567,0.1
2547,2555,0.9
2547,2568,0.1
2548,2556,0.9
2548,2569,0.1
2549,2557,0.9
2549,2570,0.1
2550,2557,0.9
2550,2570,0.1
2551,2558,0.9
2551,2571,0.1
2552,2559,0.9
2552,2572,0.1
2553,2560,0.9
2553,2573,0.1
2554,2560,0.9
2554,2573,0.1
2555,2572,0.9
2555,2579,0.1
2556,2573,0.9
2556,2580,0.1
2557,2573,0.9
2557,2580,0.1
2558,2572,0.9
2558,2579,0.1
2559,2573,0.9
2559,2580,0.1
2560,2573,0.9
2560,2580,0.1
2561,2569,0.9
2561,2576,0.1
2562,2570,0.9
2562,2577,0.1
2563,2570,0.9
2563,2577,0.1
2564,2571,0.9
2564,2578,0.1
2565,2572,0.9
2565,2579,0.1
2566,2573,0.9
2566,2580,0.1
2567,2573,0.9
2567,2580,0.1
2568,2574,0.9
2568,2581,0.1
2569,2575,0.9
2569,2582,0.1
2570,2575,0.9
2570,2582,0.1
2571,2574,0.9
2571,2581,0.1
2572,2575,0.9
2572,2582,0.1
2573,2575,0.9
2573,2582,0.1
2574,2582,0.9
2574,2586,0.1
2575,2582,0.9
2575,2586,0.1
2576,2584,0.9
2576,2588,0.1
2577,2584,0.9
2577,2588,0.1
2578,2583,0.9
2578,2587,0.1
2579,2584,0.9
2579,2588,0.1
2580,2584,0.9
2580,2588,0.1
2581,2585,0.9
2581,2589,0.1
2582,2585,0.9
2582,2589,0.1
2583,2585,0.9
2583,2589,0.1
2584,2585,0.9
2584,2589,0.1
2585,2589,0.9
2585,2591,0.1
2586,2589,0.9
2586,2591,0.1
2587,2589,0.9
2587,2591,0.1
2588,2589,0.9
2588,2591,0.1
2589,2590,0.9
2589,2592,0.1
2590,2592,0.9
2590,2596,0.1
2591,2593,0.9
2591,2597,0.1
2592,2594,0.9
2592,2598,0.1
2593,2595,0.9
2593,2599,0.1
2594,2599,0.9
2594,2604,0.1
2595,2600,0.9
2595,2605,0.1
2596,2598,0.9
2596,2603,0.1
2597,2599,0.9
2597,2604,0.1
2598,2601,0.9
2598,2606,0.1
2599,2602,0.9
2599,2607,0.1
2600,2602,0.9
2600,2607,0.1
2601,2607,0.9
2601,2611,0.1
2602,2607,0.9
2602,2611,0.1
2603,2608,0.9
2603,2612,0.1
2604,2609,0.9
2604,2613,0.1
2605,2609,0.9
2605,2613,0.1
2606,2610,0.9
2606,2614,0.1
2607,2610,0.9
2607,2614,0.1
2608,2610,0.9
2608,2614,0.1
2609,2610,0.9
2609,2614,0.1
2610,2614,0.9
2610,2616,0.1
2611,2614,0.9
2611,2616,0.1
2612,2614,0.9
2612,2616,0.1
2613,2614,0.9
2613,2616,0.1
2614,2615,0.9
2614,2617,0.1
2615,2617,0.9
2615,2621,0.1
2616,2618,0.9
2616,2622,0.1
2617,2619,0.9
2617,2623,0.1
2618,2620,0.9
2618,2624,0.1
2619,2624,0.9
2619,2627,0.1
2620,2624,0.9
2620,2627,0.1
2621,2623,0.9
2621,2626,0.1
2622,2624,0.9
2622,2627,0.1
2623,2625,0.9
2623,2628,0.1
2624,2625,0.9
2624,2628,0.1
2625,2628,0.9
2625,2631,0.1
2626,2629,0.9
2626,2632,0.1
2627,2629,0.9
2627,2632,0.1
2628,2630,0.9
2628,2633,0.1
2629,2630,0.9
2629,2633,0.1
2630,2633,0.9
2630,2635,0.1
2631,2633,0.9
2631,2635,0.1
2632,2633,0.9
2632,2635,0.1
2633,2634,0.9
2633,2636,0.1
2634,2636,0.9
2634,2640,0.1
2635,2637,0.9
2635,2641,0.1
2636,2638,0.9
2636,2642,0.1
2637,2639,0.9
2637,2643,0.1
2638,2643,0.9
2638,2649,0.1
2639,2644,0.9
2639,2650,0.1
2640,2642,0.9
2640,2648,0.1
2641,2643,0.9
2641,2649,0.1
2642,2645,0.9
2642,2651,0.1
2643,2646,0.9
2643,2652,0.1
2644,2647,0.9
2644,2653,0.1
2645,2652,0.9
2645,2659,0.1
2646,2653,0.9
2646,2660,0.1
2647,2653,0.9
2647,2660,0.1
2648,2654,0.9
2648,2661,0.1
2649,2655,0.9
2649,2662,0.1
2650,2656,0.9
2650,2663,0.1
2651,2657,0.9
2651,2664,0.1
2652,2658,0.9
2652,2665,0.1
2653,2658,0.9
2653,2665,0.1
2654,2657,0.9
2654,2664,0.1
2655,2658,0.9
2655,2665,0.1
2656,2658,0.9
2656,2665,0.1
2657,2665,0.9
2657,2668,0.1
2658,2665,0.9
2658,2668,0.1
2659,2665,0.9
2659,2668,0.1
2660,2665,0.9
2660,2668,0.1
2661,2664,0.9
2661,2667,0.1
2662,2665,0.9
2662,2668,0.1
2663,2665,0.9
2663,2668,0.1
2664,2666,0.9
2664,2669,0.1
2665,2666,0.9
2665,2669,0.1
2666,2669,0.9
2666,2673,0.1
2667,2670,0.9
2667,2674,0.1
2668,2670,0.9
2668,2674,0.1
2669,2671,0.9
2669,2675,0.1
2670,2672,0.9
2670,2676,0.1
2671,2676,0.9
2671,2679,0.1
2672,2676,0.9
2672,2679,0.1
2673,2675,0.9
2673,2678,0.1
2674,2676,0.9
2674,2679,0.1
2675,2677,0.9
2675,2680,0.1
2676,2677,0.9
2676,2680,0.1
2677,2680,0.9
2677,2683,0.1
2678,2681,0.9
2678,2684,0.1
2679,2681,0.9
2679,2684,0.1
2680,2682,0.9
2680,2685,0.1
2681,2682,0.9
2681,2685,0.1
2682,2685,0.9
2682,2687,0.1
2683,2685,0.9
2683,2687,0.1
2684,2685,0.9
2684,2687,0.1
2685,2686,0.9
2685,2688,0.1
2686,2688,0.9
2686,2692,0.1
2687,2689,0.9
2687,2693,0.1
2688,2690,0.9
2688,2694,0.1
2689,2691,0.9
2689,2695,0.1
2690,2695,0.9
2690,2700,0.1
2691,2696,0.9
2691,2701,0.1
2692,2694,0.9
2692,2699,0.1
2693,2695,0.9
2693,2700,0.1
2694,2697,0.9
2694,2702,0.1
2695,2698,0.9
2695,2703,0.1
2696,2698,0.9
2696,2703,0.1
2697,2703,0.9
2697,2707,0.1
2698,2703,0.9
2698,2707,0.1
2699,2704,0.9
2699,2708,0.1
2700,2705,0.9
2700,2709,0.1
2701,2705,0.9
2701,2709,0.1
2702,2706,0.9
2702,2710,0.1
2703,2706,0.9
2703,2710,0.1
2704,2706,0.9
2704,2710,0.1
2705,2706,0.9
2705,2710,0.1
2706,2710,0.9
2706,2712,0.1
2707,2710,0.9
2707,2712,0.1
2708,2710,0.9
2708,2712,0.1
2709,2710,0.9
2709,2712,0.1
2710,2711,0.9
2710,2713,0.1
2711,2713,0.9
2711,2717,0.1
2712,2714,0.9
2712,2718,0.1
2713,2715,0.9
2713,2719,0.1
2714,2716,0.9
2714,2720,0.1
2715,2720,0.9
2715,2723,0.1
2716,2720,0.9
2716,2723,0.1
2717,2719,0.9
2717,2722,0.1
2718,2720,0.9
2718,2723,0.1
2719,2721,0.9
2719,2724,0.1
2720,2721,0.9
2720,2724,0.1
2721,2724,0.9
2721,2727,0.1
2722,2725,0.9
2722,2728,0.1
2723,2725,0.9
2723,2728,0.1
2724,2726,0.9
2724,2729,0.1
2725,2726,0.9
2725,2729,0.1
2726,2729,0.9
2726,2731,0.1
2727,2729,0.9
2727,2731,0.1
2728,2729,0.9
2728,2731,0.1
2729,2730,0.9
2729,2732,0.1
2730,2732,0.9
2730,2736,0.1
2731,2733,0.9
2731,2737,0.1
2732,2734,0.9
2732,2738,0.1
2733,2735,0.9
2733,2739,0.1
2734,2739,0.9
2734,2745,0.1
2735,2740,0.9
2735,2746,0.1
2736,2738,0.9
2736,2744,0.1
2737,2739,0.9
2737,2745,0.1
2738,2741,0.9
2738,2747,0.1
2739,2742,0.9
2739,2748,0.1
2740,2743,0.9
2740,2749,0.1
2741,2748,0.9
2741,2757,0.1
2742,2749,0.9
2742,2758,0.1
2743,2750,0.9
2743,2759,0.1
2744,2751,0.9
2744,2760,0.1
2745,2752,0.9
2745,2761,0.1
2746,2753,0.9
2746,2762,0.1
2747,2754,0.9
2747,2763,0.1
2748,2755,0.9
2748,2764,0.1
2749,2756,0.9
2749,2765,0.1
2750,2756,0.9
2750,2765,0.1
2751,2754,0.9
2751,2763,0.1
2752,2755,0.9
2752,2764,0.1
2753,2756,0.9
2753,2765,0.1
2754,2764,0.9
2754,2769,0.1
2755,2765,0.9
2755,2770,0.1
2756,2765,0.9
2756,2770,0.1
2757,2764,0.9
2757,2769,0.1
2758,2765,0.9
2758,2770,0.1
2759,2765,0.9
2759,2770,0.1
2760,2763,0.9
2760,2768,0.1
2761,2764,0.9
2761,2769,0.1
2762,2765,0.9
2762,2770,0.1
2763,2766,0.9
2763,2771,0.1
2764,2767,0.9
2764,2772,0.1
2765,2767,0.9
2765,2772,0.1
2766,2772,0.9
2766,2777,0.1
2767,2772,0.9
2767,2777,0.1
2768,2773,0.9
2768,2778,0.1
2769,2774,0.9
2769,2779,0.1
2770,2774,0.9
2770,2779,0.1
2771,2775,0.9
2771,2780,0.1
2772,2775,0.9
2772,2780,0.1
2773,2776,0.9
2773,2781,0.1
2774,2776,0.9
2774,2781,0.1
2775,2781,0.9
2775,2784,0.1
2776,2781,0.9
2776,2784,0.1
2777,2780,0.9
2777,2783,0.1
2778,2781,0.9
2778,2784,0.1
2779,2781,0.9
2779,2784,0.1
2780,2782,0.9
2780,2785,0.1
2781,2782,0.9
2781,2785,0.1
2782,2785,0.9
2782,2788,0.1
2783,2786,0.9
2783,2789,0.1
2784,2786,0.9
2784,2789,0.1
2785,2787,0.9
2785,2790,0.1
2786,2787,0.9
2786,2790,0.1
2787,2790,0.9
2787,2792,0.1
2788,2790,0.9
2788,2792,0.1
2789,2790,0.9
2789,2792,0.1
2790,2791,0.9
2790,2793,0.1
2791,2793,0.9
2791,2797,0.1
2792,2794,0.9
2792,2798,0.1
2793,2795,0.9
2793,2799,0.1
2794,2796,0.9
2794,2800,0.1
2795,2800,0.9
2795,2805,0.1
2796,2801,0.9
2796,2806,0.1
2797,2799,0.9
2797,2804,0.1
2798,2800,0.9
2798,2805,0.1
2799,2802,0.9
2799,2807,0.1
2800,2803,0.9
2800,2808,0.1
2801,2803,0.9
2801,2808,0.1
2802,2808,0.9
2802,2812,0.1
2803,2808,0.9
2803,2812,0.1
2804,2809,0.9
2804,2813,0.1
2805,2810,0.9
2805,2814,0.1
2806,2810,0.9
2806,2814,0.1
2807,2811,0.9
2807,2815,0.1
2808,2811,0.9
2808,2815,0.1
2809,2811,0.9
2809,2815,0.1
2810,2811,0.9
2810,2815,0.1
2811,2815,0.9
2811,2817,0.1
2812,2815,0.9
2812,2817,0.1
2813,2815,0.9
2813,2817,0.1
2814,2815,0.9
2814,2817,0.1
2815,2816,0.9
2815,2818,0.1
2816,2818,0.9
2816,2822,0.1
2817,2819,0.9
2817,2823,0.1
2818,2820,0.9
2818,2824,0.1
2819,2821,0.9
2819,2825,0.1
2820,2825,0.9
2820,2828,0.1
2821,2825,0.9
2821,2828,0.1
2822,2824,0.9
2822,2827,0.1
2823,2825,0.9
2823,2828,0.1
2824,2826,0.9
2824,2829,0.1
2825,2826,0.9
2825,2829,0.1
2826,2829,0.9
2826,2832,0.1
2827,2830,0.9
2827,2833,0.1
2828,2830,0.9
2828,2833,0.1
2829,2831,0.9
2829,2834,0.1
2830,2831,0.9
2830,2834,0.1
2831,2834,0.9
2831,2836,0.1
2832,2834,0.9
2832,2836,0.1
2833,2834,0.9
2833,2836,0.1
2834,2835,0.9
2834,2837,0.1
2835,2837,0.9
2835,2841,0.1
2836,2838,0.9
2836,2842,0.1
2837,2839,0.9
2837,2843,0.1
2838,2840,0.9
2838,2844,0.1
2839,2844,0.9
2839,2850,0.1
2840,2845,0.9
2840,2851,0.1
2841,2843,0.9
2841,2849,0.1
2842,2844,0.9
2842,2850,0.1
2843,2846,0.9
2843,2852,0.1
2844,2847,0.9
2844,2853,0.1
2845,2848,0.9
2845,2854,0.1
2846,2853,0.9
2846,2860,0.1
2847,2854,0.9
2847,2861,0.1
2848,2854,0.9
2848,2861,0.1
2849,2855,0.9
2849,2862,0.1
2850,2856,0.9
2850,2863,0.1
2851,2857,0.9
2851,2864,0.1
2852,2858,0.9
2852,2865,0.1
2853,2859,0.9
2853,2866,0.1
2854,2859,0.9
2854,2866,0.1
2855,2858,0.9
2855,2865,0.1
2856,2859,0.9
2856,2866,0.1
2857,2859,0.9
2857,2866,0.1
2858,2866,0.9
2858,2869,0.1
2859,2866,0.9
2859,2869,0.1
2860,2866,0.9
2860,2869,0.1
2861,2866,0.9
2861,2869,0.1
2862,2865,0.9
2862,2868,0.1
2863,2866,0.9
2863,2869,0.1
2864,2866,0.9
2864,2869,0.1
2865,2867,0.9
2865,2870,0.1
2866,2867,0.9
2866,2870,0.1
2867,2870,0.9
2867,2874,0.1
2868,2871,0.9
2868,2875,0.1
2869,2871,0.9
2869,2875,0.1
2870,2872,0.9
2870,2876,0.1
2871,2873,0.9
2871,2877,0.1
2872,2877,0.9
2872,2880,0.1
2873,2877,0.9
2873,2880,0.1
2874,2876,0.9
2874,2879,0.1
2875,2877,0.9
2875,2880,0.1
2876,2878,0.9
2876,2881,0.1
2877,2878,0.9
2877,2881,0.1
2878,2881,0.9
2878,2884,0.1
2879,2882,0.9
2879,2885,0.1
2880,2882,0.9
2880,2885,0.1
2881,2883,0.9
2881,2886,0.1
2882,2883,0.9
2882,2886,0.1
2883,2886,0.9
2883,2888,0.1
2884,2886,0.9
2884,2888,0.1
2885,2886,0.9
2885,2888,0.1
2886,2887,0.9
2886,2889,0.1
2887,2889,0.9
2887,2893,0.1
2888,2890,0.9
2888,2894,0.1
2889,2891,0.9
2889,2895,0.1
2890,2892,0.9
2890,2896,0.1
2891,2896,0.9
2891,2901,0.1
2892,2897,0.9
2892,2902,0.1
2893,2895,0.9
2893,2900,0.1
2894,2896,0.9
2894,2901,0.1
2895,2898,0.9
2895,2903,0.1
2896,2899,0.9
2896,2904,0.1
2897,2899,0.9
2897,2904,0.1
2898,2904,0.9
2898,2908,0.1
2899,2904,0.9
2899,2908,0.1
2900,2905,0.9
2900,2909,0.1
2901,2906,0.9
2901,2910,0.1
2902,2906,0.9
2902,2910,0.1
2903,2907,0.9
2903,2911,0.1
2904,2907,0.9
2904,2911,0.1
2905,2907,0.9
2905,2911,0.1
2906,2907,0.9
2906,2911,0.1
2907,2911,0.9
2907,2913,0.1
2908,2911,0.9
2908,2913,0.1
2909,2911,0.9
2909,2913,0.1
2910,2911,0.9
2910,2913,0.1
2911,2912,0.9
2911,2914,0.1
2912,2914,0.9
2912,2918,0.1
2913,2915,0.9
2913,2919,0.1
2914,2916,0.9
2914,2920,0.1
2915,2917,0.9
2915,2921,0.1
2916,2921,0.9
2916,2924,0.1
2917,2921,0.9
2917,2924,0.1
2918,2920,0.9
2918,2923,0.1
2919,2921,0.9
2919,2924,0.1
2920,2922,0.9
2920,2925,0.1
2921,2922,0.9
2921,2925,0.1
2922,2925,0.9
2922,2928,0.1
2923,2926,0.9
2923,2929,0.1
2924,2926,0.9
2924,2929,0.1
2925,2927,0.9
2925,2930,0.1
2926,2927,0.9
2926,2930,0.1
2927,2930,0.9
2927,2932,0.1
2928,2930,0.9
2928,2932,0.1
2929,2930,0.9
2929,2932,0.1
2930,2931,0.9
2930,2933,0.1
2931,2933,0.9
2931,2937,0.1
2932,2934,0.9
2932,2938,0.1
2933,2935,0.9
2933,2939,0.1
2934,2936,0.9
2934,2940,0.1
2935,2940,0.9
2935,2946,0.1
2936,2941,0.9
2936,2947,0.1
2937,2939,0.9
2937,2945,0.1
2938,2940,0.9
2938,2946,0.1
2939,2942,0.9
2939,2948,0.1
2940,2943,0.9
2940,2949,0.1
2941,2944,0.9
2941,2950,0.1
2942,2949,0.9
2942,2959,0.1
2943,2950,0.9
2943,2960,0.1
2944,2951,0.9
2944,2961,0.1
2945,2952,0.9
2945,2962,0.1
2946,2953,0.9
2946,2963,0.1
2947,2954,0.9
2947,2964,0.1
2948,2955,0.9
2948,2965,0.1
2949,2956,0.9
2949,2966,0.1
2950,2957,0.9
2950,2967,0.1
2951,2958,0.9
2951,2968,0.1
2952,2955,0.9
2952,2965,0.1
2953,2956,0.9
2953,2966,0.1
2954,2957,0.9
2954,2967,0.1
2955,2966,0.9
2955,2973,0.1
2956,2967,0.9
2956,2974,0.1
2957,2968,0.9
2957,2975,0.1
2958,2968,0.9
2958,2975,0.1
2959,2966,0.9
2959,2973,0.1
2960,2967,0.9
2960,2974,0.1
2961,2968,0.9
2961,2975,0.1
2962,2965,0.9
2962,2972,0.1
2963,2966,0.9
2963,2973,0.1
2964,2967,0.9
2964,2974,0.1
2965,2969,0.9
2965,2976,0.1
2966,2970,0.9
2966,2977,0.1
2967,2971,0.9
2967,2978,0.1
2968,2971,0.9
2968,2978,0.1
2969,2977,0.9
2969,2986,0.1
2970,2978,0.9
2970,2987,0.1
2971,2978,0.9
2971,2987,0.1
2972,2979,0.9
2972,2988,0.1
2973,2980,0.9
2973,2989,0.1
2974,2981,0.9
2974,2990,0.1
2975,2981,0.9
2975,2990,0.1
2976,2982,0.9
2976,2991,0.1
2977,2983,0.9
2977,2992,0.1
2978,2983,0.9
2978,2992,0.1
2979,2984,0.9
2979,2993,0.1
2980,2985,0.9
2980,2994,0.1
2981,2985,0.9
2981,2994,0.1
2982,2994,0.9
2982,2998,0.1
2983,2994,0.9
2983,2998,0.1
2984,2994,0.9
2984,2998,0.1
2985,2994,0.9
2985,2998,0.1
2986,2992,0.9
2986,2996,0.1
2987,2992,0.9
2987,2996,0.1
2988,2993,0.9
2988,2997,0.1
2989,2994,0.9
2989,2998,0.1
2990,2994,0.9
2990,2998,0.1
2991,2995,0.9
2991,2999,0.1
2992,2995,0.9
2992,2999,0.1
2993,2995,0.9
2993,2999,0.1
2994,2995,0.9
2994,2999,0.1
2995,2999,0.9
2995,3002,0.1
2996,3000,0.9
2996,3003,0.1
2997,3000,0.9
2997,3003,0.1
2998,3000,0.9
2998,3003,0.1
2999,3001,0.9
2999,3004,0.1
3000,3001,0.9
3000,3004,0.1
3001,3004,0.9
3001,3006,0.1
3002,3004,0.9
3002,3006,0.1
3003,3004,0.9
3003,3006,0.1
3004,3005,0.9
3004,3007,0.1
3005,3007,0.9
3005,3011,0.1
3006,3008,0.9
3006,3012,0.1
3007,3009,0.9
3007,3013,0.1
3008,3010,0.9
3008,3014,0.1
3009,3014,0.9
3009,3019,0.1
3010,3015,0.9
3010,3020,0.1
3011,3013,0.9
3011,3018,0.1
3012,3014,0.9
3012,3019,0.1
3013,3016,0.9
3013,3021,0.1
3014,3017,0.9
3014,3022,0.1
3015,3017,0.9
3015,3022,0.1
3016,3022,0.9
3016,3026,0.1
3017,3022,0.9
3017,3026,0.1
3018,3023,0.9
3018,3027,0.1
3019,3024,0.9
3019,3028,0.1
3020,3024,0.9
3020,3028,0.1
3021,3025,0.9
3021,3029,0.1
3022,3025,0.9
3022,3029,0.1
3023,3025,0.9
3023,3029,0.1
3024,3025,0.9
3024,3029,0.1
3025,3029,0.9
3025,3031,0.1
3026,3029,0.9
3026,3031,0.1
3027,3029,0.9
3027,3031,0.1
3028,3029,0.9
3028,3031,0.1
3029,3030,0.9
3029,3032,0.1
3030,3032,0.9
3030,3036,0.1
3031,3033,0.9
3031,3037,0.1
3032,3034,0.9
3032,3038,0.1
3033,3035,0.9
3033,3039,0.1
3034,3039,0.9
3034,3042,0.1
3035,3039,0.9
3035,3042,0.1
3036,3038,0.9
3036,3041,0.1
3037,3039,0.9
3037,3042,0.1
3038,3040,0.9
3038,3043,0.1
3039,3040,0.9
3039,3043,0.1
3040,3043,0.9
3040,3046,0.1
3041,3044,0.9
3041,3047,0.1
3042,3044,0.9
3042,3047,0.1
3043,3045,0.9
3043,3048,0.1
3044,3045,0.9
3044,3048,0.1
3045,3048,0.9
3045,3050,0.1
3046,3048,0.9
3046,3050,0.1
3047,3048,0.9
3047,3050,0.1
3048,3049,0.9
3048,3051,0.1
3049,3051,0.9
3049,3055,0.1
3050,3052,0.9
3050,3056,0.1
3051,3053,0.9
3051,3057,0.1
3052,3054,0.9
3052,3058,0.1
3053,3058,0.9
3053,3064,0.1
3054,3059,0.9
3054,3065,0.1
3055,3057,0.9
3055,3063,0.1
3056,3058,0.9
3056,3064,0.1
3057,3060,0.9
3057,3066,0.1
3058,3061,0.9
3058,3067,0.1
3059,3062,0.9
3059,3068,0.1
3060,3067,0.9
3060,3074,0.1
3061,3068,0.9
3061,3075,0.1
3062,3068,0.9
3062,3075,0.1
3063,3069,0.9
3063,3076,0.1
3064,3070,0.9
3064,3077,0.1
3065,3071,0.9
3065,3078,0.1
3066,3072,0.9
3066,3079,0.1
3067,3073,0.9
3067,3080,0.1
3068,3073,0.9
3068,3080,0.1
3069,3072,0.9
3069,3079,0.1
3070,3073,0.9
3070,3080,0.1
3071,3073,0.9
3071,3080,0.1
3072,3080,0.9
3072,3083,0.1
3073,3080,0.9
3073,3083,0.1
3074,3080,0.9
3074,3083,0.1
3075,3080,0.9
3075,3083,0.1
3076,3079,0.9
3076,3082,0.1
3077,3080,0.9
3077,3083,0.1
3078,3080,0.9
3078,3083,0.1
3079,3081,0.9
3079,3084,0.1
3080,3081,0.9
3080,3084,0.1
3081,3084,0.9
3081,3088,0.1
3082,3085,0.9
3082,3089,0.1
3083,3085,0.9
3083,3089,0.1
3084,3086,0.9
3084,3090,0.1
3085,3087,0.9
3085,3091,0.1
3086,3091,0.9
3086,3094,0.1
3087,3091,0.9
3087,3094,0.1
3088,3090,0.9
3088,3093,0.1
3089,3091,0.9
3089,3094,0.1
3090,3092,0.9
3090,3095,0.1
3091,3092,0.9
3091,3095,0.1
3092,3095,0.9
3092,3098,0.1
3093,3096,0.9
3093,3099,0.1
3094,3096,0.9
3094,3099,0.1
3095,3097,0.9
3095,3100,0.1
3096,3097,0.9
3096,3100,0.1
3097,3100,0.9
3097,3102,0.1
3098,3100,0.9
3098,3102,0.1
3099,3100,0.9
3099,3102,0.1
3100,3101,0.9
3100,3103,0.1
3101,3103,0.9
3101,3107,0.1
3102,3104,0.9
3102,3108,0.1
3103,3105,0.9
3103,3109,0.1
3104,3106,0.9
3104,3110,0.1
3105,3110,0.9
3105,3115,0.1
3106,3111,0.9
3106,3116,0.1
3107,3109,0.9
3107,3114,0.1
3108,3110,0.9
3108,3115,0.1
3109,3112,0.9
3109,3117,0.1
3110,3113,0.9
3110,3118,0.1
3111,3113,0.9
3111,3118,0.1
3112,3118,0.9
3112,3122,0.1
3113,3118,0.9
3113,3122,0.1
3114,3119,0.9
3114,3123,0.1
3115,3120,0.9
3115,3124,0.1
3116,3120,0.9
3116,3124,0.1
3117,3121,0.9
3117,3125,0.1
3118,3121,0.9
3118,3125,0.1
3119,3121,0.9
3119,3125,0.1
3120,3121,0.9
3120,3125,0.1
3121,3125,0.9
3121,3127,0.1
3122,3125,0.9
3122,3127,0.1
3123,3125,0.9
3123,3127,0.1
3124,3125,0.9
3124,3127,0.1
3125,3126,0.9
3125,3128,0.1
3126,3128,0.9
3126,3132,0.1
3127,3129,0.9
3127,3133,0.1
3128,3130,0.9
3128,3134,0.1
3129,3131,0.9
3129,3135,0.1
3130,3135,0.9
3130,3138,0.1
3131,3135,0.9
3131,3138,0.1
3132,3134,0.9
3132,3137,0.1
3133,3135,0.9
3133,3138,0.1
3134,3136,0.9
3134,3139,0.1
3135,3136,0.9
3135,3139,0.1
3136,3139,0.9
3136,3142,0.1
3137,3140,0.9
3137,3143,0.1
3138,3140,0.9
3138,3143,0.1
3139,3141,0.9
3139,3144,0.1
3140,3141,0.9
3140,3144,0.1
3141,3144,0.9
3141,3146,0.1
3142,3144,0.9
3142,3146,0.1
3143,3144,0.9
3143,3146,0.1
3144,3145,0.9
3144,3147,0.1
3145,3147,0.9
3145,3151,0.1
3146,3148,0.9
3146,3152,0.1
3147,3149,0.9
3147,3153,0.1
3148,3150,0.9
3148,3154,0.1
3149,3154,0.9
3149,3160,0.1
3150,3155,0.9
3150,3161,0.1
3151,3153,0.9
3151,3159,0.1
3152,3154,0.9
3152,3160,0.1
3153,3156,0.9
3153,3162,0.1
3154,3157,0.9
3154,3163,0.1
3155,3158,0.9
3155,3164,0.1
3156,3163,0.9
3156,3172,0.1
3157,3164,0.9
3157,3173,0.1
3158,3165,0.9
3158,3174,0.1
3159,3166,0.9
3159,3175,0.1
3160,3167,0.9
3160,3176,0.1
3161,3168,0.9
3161,3177,0.1
3162,3169,0.9
3162,3178,0.1
3163,3170,0.9
3163,3179,0.1
3164,3171,0.9
3164,3180,0.1
3165,3171,0.9
3165,3180,0.1
3166,3169,0.9
3166,3178,0.1
3167,3170,0.9
3167,3179,0.1
3168,3171,0.9
3168,3180,0.1
3169,3179,0.9
3169,3184,0.1
3170,3180,0.9
3170,3185,0.1
3171,3180,0.9
3171,3185,0.1
3172,3179,0.9
3172,3184,0.1
3173,3180,0.9
3173,3185,0.1
3174,3180,0.9
3174,3185,0.1
3175,3178,0.9
3175,3183,0.1
3176,3179,0.9
3176,3184,0.1
3177,3180,0.9
3177,3185,0.1
3178,3181,0.9
3178,3186,0.1
3179,3182,0.9
3179,3187,0.1
3180,3182,0.9
3180,3187,0.1
3181,3187,0.9
3181,3192,0.1
3182,3187,0.9
3182,3192,0.1
3183,3188,0.9
3183,3193,0.1
3184,3189,0.9
3184,3194,0.1
3185,3189,0.9
3185,3194,0.1
3186,3190,0.9
3186,3195,0.1
3187,3190,0.9
3187,3195,0.1
3188,3191,0.9
3188,3196,0.1
3189,3191,0.9
3189,3196,0.1
3190,3196,0.9
3190,3199,0.1
3191,3196,0.9
3191,3199,0.1
3192,3195,0.9
3192,3198,0.1
3193,3196,0.9
3193,3199,0.1
3194,3196,0.9
3194,3199,0.1
3195,3197,0.9
3195,3200,0.1
3196,3197,0.9
3196,3200,0.1
3197,3200,0.9
3197,3203,0.1
3198,3201,0.9
3198,3204,0.1
3199,3201,0.9
3199,3204,0.1
3200,3202,0.9
3200,3205,0.1
3201,3202,0.9
3201,3205,0.1
3202,3205,0.9
3202,3207,0.1
3203,3205,0.9
3203,3207,0.1
3204,3205,0.9
3204,3207,0.1
3205,3206,0.9
3205,3208,0.1
3206,3208,0.9
3206,3212,0.1
3207,3209,0.9
3207,3213,0.1
3208,3210,0.9
3208,3214,0.1
3209,3211,0.9
3209,3215,0.1
3210,3215,0.9
3210,3220,0.1
3211,3216,0.9
3211,3221,0.1
3212,3214,0.9
3212,3219,0.1
3213,3215,0.9
3213,3220,0.1
3214,3217,0.9
3214,3222,0.1
3215,3218,0.9
3215,3223,0.1
3216,3218,0.9
3216,3223,0.1
3217,3223,0.9
3217,3227,0.1
3218,3223,0.9
3218,3227,0.1
3219,3224,0.9
3219,3228,0.1
3220,3225,0.9
3220,3229,0.1
3221,3225,0.9
3221,3229,0.1
3222,3226,0.9
3222,3230,0.1
3223,3226,0.9
3223,3230,0.1
3224,3226,0.9
3224,3230,0.1
3225,3226,0.9
3225,3230,0.1
3226,3230,0.9
3226,3232,0.1
3227,3230,0.9
3227,3232,0.1
3228,3230,0.9
3228,3232,0.1
3229,3230,0.9
3229,3232,0.1
3230,3231,0.9
3230,3233,0.1
3231,3233,0.9
3231,3237,0.1
3232,3234,0.9
3232,3238,0.1
3233,3235,0.9
3233,3239,0.1
3234,3236,0.9
3234,3240,0.1
3235,3240,0.9
3235,3243,0.1
3236,3240,0.9
3236,3243,0.1
3237,3239,0.9
3237,3242,0.1
3238,3240,0.9
3238,3243,0.1
3239,3241,0.9
3239,3244,0.1
3240,3241,0.9
3240,3244,0.1
3241,3244,0.9
3241,3247,0.1
3242,3245,0.9
3242,3248,0.1
3243,3245,0.9
3243,3248,0.1
3244,3246,0.9
3244,3249,0.1
3245,3246,0.9
3245,3249,0.1
3246,3249,0.9
3246,3251,0.1
3247,3249,0.9
3247,3251,0.1
3248,3249,0.9
3248,3251,0.1
3249,3250,0.9
3249,3252,0.1
3250,3252,0.9
3250,3256,0.1
3251,3253,0.9
3251,3257,0.1
3252,3254,0.9
3252,3258,0.1
3253,3255,0.9
3253,3259,0.1
3254,3259,0.9
3254,3265,0.1
3255,3260,0.9
3255,3266,0.1
3256,3258,0.9
3256,3264,0.1
3257,3259,0.9
3257,3265,0.1
3258,3261,0.9
3258,3267,0.1
3259,3262,0.9
3259,3268,0.1
3260,3263,0.9
3260,3269,0.1
3261,3268,0.9
3261,3275,0.1
3262,3269,0.9
3262,3276,0.1
3263,3269,0.9
3263,3276,0.1
3264,3270,0.9
3264,3277,0.1
3265,3271,0.9
3265,3278,0.1
3266,3272,0.9
3266,3279,0.1
3267,3273,0.9
3267,3280,0.1
3268,3274,0.9
3268,3281,0.1
3269,3274,0.9
3269,3281,0.1
3270,3273,0.9
3270,3280,0.1
3271,3274,0.9
3271,3281,0.1
3272,3274,0.9
3272,3281,0.1
3273,3281,0.9
3273,3284,0.1
3274,3281,0.9
3274,3284,0.1
3275,3281,0.9
3275,3284,0.1
3276,3281,0.9
3276,3284,0.1
3277,3280,0.9
3277,3283,0.1
3278,3281,0.9
3278,3284,0.1
3279,3281,0.9
3279,3284,0.1
3280,3282,0.9
3280,3285,0.1
3281,3282,0.9
3281,3285,0.1
3282,3285,0.9
3282,3289,0.1
3283,3286,0.9
3283,3290,0.1
3284,3286,0.9
3284,3290,0.1
3285,3287,0.9
3285,3291,0.1
3286,3288,0.9
3286,3292,0.1
3287,3292,0.9
3287,3295,0.1
3288,3292,0.9
3288,3295,0.1
3289,3291,0.9
3289,3294,0.1
3290,3292,0.9
3290,3295,0.1
3291,3293,0.9
3291,3296,0.1
3292,3293,0.9
3292,3296,0.1
3293,3296,0.9
3293,3299,0.1
3294,3297,0.9
3294,3300,0.1
3295,3297,0.9
3295,3300,0.1
3296,3298,0.9
3296,3301,0.1
3297,3298,0.9
3297,3301,0.1
3298,3301,0.9
3298,3303,0.1
3299,3301,0.9
3299,3303,0.1
3300,3301,0.9
3300,3303,0.1
3301,3302,0.9
3301,3304,0.1
3302,3304,0.9
3302,3308,0.1
3303,3305,0.9
3303,3309,0.1
3304,3306,0.9
3304,3310,0.1
3305,3307,0.9
3305,3311,0.1
3306,3311,0.9
3306,3316,0.1
3307,3312,0.9
3307,3317,0.1
3308,3310,0.9
3308,3315,0.1
3309,3311,0.9
3309,3316,0.1
3310,3313,0.9
3310,3318,0.1
3311,3314,0.9
3311,3319,0.1
3312,3314,0.9
3312,3319,0.1
3313,3319,0.9
3313,3323,0.1
3314,3319,0.9
3314,3323,0.1
3315,3320,0.9
3315,3324,0.1
3316,3321,0.9
3316,3325,0.1
3317,3321,0.9
3317,3325,0.1
3318,3322,0.9
3318,3326,0.1
3319,3322,0.9
3319,3326,0.1
3320,3322,0.9
3320,3326,0.1
3321,3322,0.9
3321,3326,0.1
3322,3326,0.9
3322,3328,0.1
3323,3326,0.9
3323,3328,0.1
3324,3326,0.9
3324,3328,0.1
3325,3326,0.9
3325,3328,0.1
3326,3327,0.9
3326,3329,0.1
3327,3329,0.9
3327,3333,0.1
3328,3330,0.9
3328,3334,0.1
3329,3331,0.9
3329,3335,0.1
3330,3332,0.9
3330,3336,0.1
3331,3336,0.9
3331,3339,0.1
3332,3336,0.9
3332,3339,0.1
3333,3335,0.9
3333,3338,0.1
3334,3336,0.9
3334,3339,0.1
3335,3337,0.9
3335,3340,0.1
3336,3337,0.9
3336,3340,0.1
3337,3340,0.9
3337,3343,0.1
3338,3341,0.9
3338,3344,0.1
3339,3341,0.9
3339,3344,0.1
3340,3342,0.9
3340,3345,0.1
3341,3342,0.9
3341,3345,0.1
3342,3345,0.9
3342,3347,0.1
3343,3345,0.9
3343,3347,0.1
3344,3345,0.9
3344,3347,0.1
3345,3346,0.9
3345,3348,0.1
3346,3348,0.9
3346,3352,0.1
3347,3349,0.9
3347,3353,0.1
3348,3350,0.9
3348,3354,0.1
3349,3351,0.9
3349,3355,0.1
3350,3355,0.9
3350,3361,0.1
3351,3356,0.9
3351,3362,0.1
3352,3354,0.9
3352,3360,0.1
3353,3355,0.9
3353,3361,0.1
3354,3357,0.9
3354,3363,0.1
3355,3358,0.9
3355,3364,0.1
3356,3359,0.9
3356,3365,0.1
3357,3364,0.9
3357,3374,0.1
3358,3365,0.9
3358,3375,0.1
3359,3366,0.9
3359,3376,0.1
3360,3367,0.9
3360,3377,0.1
3361,3368,0.9
3361,3378,0.1
3362,3369,0.9
3362,3379,0.1
3363,3370,0.9
3363,3380,0.1
3364,3371,0.9
3364,3381,0.1
3365,3372,0.9
3365,3382,0.1
3366,3373,0.9
3366,3383,0.1
3367,3370,0.9
3367,3380,0.1
3368,3371,0.9
3368,3381,0.1
3369,3372,0.9
3369,3382,0.1
3370,3381,0.9
3370,3391,0.1
3371,3382,0.9
3371,3392,0.1
3372,3383,0.9
3372,3393,0.1
3373,3384,0.9
3373,3394,0.1
3374,3381,0.9
3374,3391,0.1
3375,3382,0.9
3375,3392,0.1
3376,3383,0.9
3376,3393,0.1
3377,3380,0.9
3377,3390,0.1
3378,3381,0.9
3378,3391,0.1
3379,3382,0.9
3379,3392,0.1
3380,3385,0.9
3380,3395,0.1
3381,3386,0.9
3381,3396,0.1
3382,3387,0.9
3382,3397,0.1
3383,3388,0.9
3383,3398,0.1
3384,3389,0.9
3384,3399,0.1
3385,3396,0.9
3385,3413,0.1
3386,3397,0.9
3386,3414,0.1
3387,3398,0.9
3387,3415,0.1
3388,3399,0.9
3388,3416,0.1
3389,3461,0.9
3389,3464,0.1
3390,3400,0.9
3390,3417,0.1
3391,3401,0.9
3391,3418,0.1
3392,3402,0.9
3392,3419,0.1
3393,3403,0.9
3393,3420,0.1
3394,3404,0.9
3394,3421,0.1
3395,3405,0.9
3395,3422,0.1
3396,3406,0.9
3396,3423,0.1
3397,3407,0.9
3397,3424,0.1
3398,3408,0.9
3398,3425,0.1
3399,3462,0.9
3399,3465,0.1
3400,3409,0.9
3400,3426,0.1
3401,3410,0.9
3401,3427,0.1
3402,3411,0.9
3402,3428,0.1
3403,3412,0.9
3403,3429,0.1
3404,3463,0.9
3404,3466,0.1
3405,3427,0.9
3405,3437,0.1
3406,3428,0.9
3406,3438,0.1
3407,3429,0.9
3407,3439,0.1
3408,3466,0.9
3408,3469,0.1
3409,3427,0.9
3409,3437,0.1
3410,3428,0.9
3410,3438,0.1
3411,3429,0.9
3411,3439,0.1
3412,3466,0.9
3412,3469,0.1
3413,3423,0.9
3413,3433,0.1
3414,3424,0.9
3414,3434,0.1
3415,3425,0.9
3415,3435,0.1
3416,3465,0.9
3416,3468,0.1
3417,3426,0.9
3417,3436,0.1
3418,3427,0.9
3418,3437,0.1
3419,3428,0.9
3419,3438,0.1
3420,3429,0.9
3420,3439,0.1
3421,3466,0.9
3421,3469,0.1
3422,3430,0.9
3422,3440,0.1
3423,3431,0.9
3423,3441,0.1
3424,3432,0.9
3424,3442,0.1
3425,3467,0.9
3425,3470,0.1
3426,3430,0.9
3426,3440,0.1
3427,3431,0.9
3427,3441,0.1
3428,3432,0.9
3428,3442,0.1
3429,3467,0.9
3429,3470,0.1
3430,3441,0.9
3430,3448,0.1
3431,3442,0.9
3431,3449,0.1
3432,3470,0.9
3432,3473,0.1
3433,3444,0.9
3433,3451,0.1
3434,3445,0.9
3434,3452,0.1
3435,3471,0.9
3435,3474,0.1
3436,3443,0.9
3436,3450,0.1
3437,3444,0.9
3437,3451,0.1
3438,3445,0.9
3438,3452,0.1
3439,3471,0.9
3439,3474,0.1
3440,3446,0.9
3440,3453,0.1
3441,3447,0.9
3441,3454,0.1
3442,3472,0.9
3442,3475,0.1
3443,3446,0.9
3443,3453,0.1
3444,3447,0.9
3444,3454,0.1
3445,3472,0.9
3445,3475,0.1
3446,3454,0.9
3446,3457,0.1
3447,3475,0.9
3447,3477,0.1
3448,3454,0.9
3448,3457,0.1
3449,3475,0.9
3449,3477,0.1
3450,3453,0.9
3450,3456,0.1
3451,3454,0.9
3451,3457,0.1
3452,3475,0.9
3452,3477,0.1
3453,3455,0.9
3453,3458,0.1
3454,3476,0.9
3454,3478,0.1
3455,3478,0.9
3455,3482,0.1
3456,3459,0.9
3456,3460,0.1
3457,3479,0.9
3457,3483,0.1
3458,3480,0.9
3458,3484,0.1
3459,3481,0.9
3459,3485,0.1
3460,3485,0.9
3460,3486,0.1
3461,3461,1.0
3462,3462,1.0
3463,3463,1.0
3464,3464,1.0
3465,3465,1.0
3466,3466,1.0
3467,3467,1.0
3468,3468,1.0
3469,3469,1.0
3470,3470,1.0
3471,3471,1.0
3472,3472,1.0
3473,3473,1.0
3474,3474,1.0
3475,3475,1.0
3476,3476,1.0
3477,3477,1.0
3478,3478,1.0
3479,3479,1.0
3480,3480,1.0
3481,3481,1.0
3482,3482,1.0
3483,3483,1.0
3484,3484,1.0
3485,3485,1.0
3486,3486,1.0
