board_size,max_exponent,layer_sum,num_states
2,3,4,2
2,3,6,3
2,3,8,4
2,3,10,3
2,3,12,2
2,3,14,1
2,4,4,2
2,4,6,3
2,4,8,4
2,4,10,5
2,4,12,6
2,4,14,5
2,4,16,3
2,4,18,2
2,4,20,3
2,4,22,1
2,4,24,1
2,5,4,2
2,5,6,3
2,5,8,4
2,5,10,5
2,5,12,6
2,5,14,5
2,5,16,3
2,5,18,2
2,5,20,5
2,5,22,5
2,5,24,4
2,5,26,3
2,5,28,4
2,5,32,1
2,5,34,1
2,5,36,2
2,5,38,1
2,5,40,1
2,6,4,2
2,6,6,3
2,6,8,4
2,6,10,5
2,6,12,6
2,6,14,5
2,6,16,3
2,6,18,2
2,6,20,5
2,6,22,5
2,6,24,4
2,6,26,3
2,6,28,4
2,6,32,1
2,6,34,1
2,6,36,2
2,6,38,3
2,6,40,4
2,6,42,3
2,6,44,4
2,6,48,1
2,6,50,1
2,6,52,2
2,6,56,1
2,7,4,2
2,7,6,3
2,7,8,4
2,7,10,5
2,7,12,6
2,7,14,5
2,7,16,3
2,7,18,2
2,7,20,5
2,7,22,5
2,7,24,4
2,7,26,3
2,7,28,4
2,7,32,1
2,7,34,1
2,7,36,2
2,7,38,3
2,7,40,4
2,7,42,3
2,7,44,4
2,7,48,1
2,7,50,1
2,7,52,2
2,7,56,1
2,8,4,2
2,8,6,3
2,8,8,4
2,8,10,5
2,8,12,6
2,8,14,5
2,8,16,3
2,8,18,2
2,8,20,5
2,8,22,5
2,8,24,4
2,8,26,3
2,8,28,4
2,8,32,1
2,8,34,1
2,8,36,2
2,8,38,3
2,8,40,4
2,8,42,3
2,8,44,4
2,8,48,1
2,8,50,1
2,8,52,2
2,8,56,1
2,9,4,2
2,9,6,3
2,9,8,4
2,9,10,5
2,9,12,6
2,9,14,5
2,9,16,3
2,9,18,2
2,9,20,5
2,9,22,5
2,9,24,4
2,9,26,3
2,9,28,4
2,9,32,1
2,9,34,1
2,9,36,2
2,9,38,3
2,9,40,4
2,9,42,3
2,9,44,4
2,9,48,1
2,9,50,1
2,9,52,2
2,9,56,1
2,10,4,2
2,10,6,3
2,10,8,4
2,10,10,5
2,10,12,6
2,10,14,5
2,10,16,3
2,10,18,2
2,10,20,5
2,10,22,5
2,10,24,4
2,10,26,3
2,10,28,4
2,10,32,1
2,10,34,1
2,10,36,2
2,10,38,3
2,10,40,4
2,10,42,3
2,10,44,4
2,10,48,1
2,10,50,1
2,10,52,2
2,10,56,1
2,11,4,2
2,11,6,3
2,11,8,4
2,11,10,5
2,11,12,6
2,11,14,5
2,11,16,3
2,11,18,2
2,11,20,5
2,11,22,5
2,11,24,4
2,11,26,3
2,11,28,4
2,11,32,1
2,11,34,1
2,11,36,2
2,11,38,3
2,11,40,4
2,11,42,3
2,11,44,4
2,11,48,1
2,11,50,1
2,11,52,2
2,11,56,1
3,3,4,8
3,3,6,22
3,3,8,43
3,3,10,69
3,3,12,107
3,3,14,136
3,3,16,166
3,3,18,175
3,3,20,162
3,3,22,125
3,3,24,93
3,3,26,52
3,3,28,21
3,3,30,5
3,3,32,2
3,4,4,8
3,4,6,22
3,4,8,43
3,4,10,79
3,4,12,143
3,4,14,218
3,4,16,330
3,4,18,477
3,4,20,666
3,4,22,856
3,4,24,1091
3,4,26,1270
3,4,28,1428
3,4,30,1487
3,4,32,1534
3,4,34,1474
3,4,36,1350
3,4,38,1179
3,4,40,1005
3,4,42,736
3,4,44,563
3,4,46,387
3,4,48,244
3,4,50,137
3,4,52,68
3,4,54,28
3,4,56,7
3,4,58,3
3,4,60,1
3,5,4,8
3,5,6,22
3,5,8,43
3,5,10,79
3,5,12,143
3,5,14,218
3,5,16,330
3,5,18,477
3,5,20,692
3,5,22,938
3,5,24,1255
3,5,26,1585
3,5,28,1989
3,5,30,2385
3,5,32,2915
3,5,34,3407
3,5,36,3946
3,5,38,4423
3,5,40,4951
3,5,42,5294
3,5,44,5677
3,5,46,5982
3,5,48,6298
3,5,50,6250
3,5,52,6384
3,5,54,6319
3,5,56,6200
3,5,58,5897
3,5,60,5682
3,5,62,5182
3,5,64,4740
3,5,66,4391
3,5,68,3887
3,5,70,3369
3,5,72,2972
3,5,74,2525
3,5,76,1903
3,5,78,1535
3,5,80,1242
3,5,82,931
3,5,84,672
3,5,86,488
3,5,88,347
3,5,90,206
3,5,92,113
3,5,94,49
3,5,96,27
3,5,98,2
3,5,100,2
3,6,4,8
3,6,6,22
3,6,8,43
3,6,10,79
3,6,12,143
3,6,14,218
3,6,16,330
3,6,18,477
3,6,20,692
3,6,22,938
3,6,24,1255
3,6,26,1585
3,6,28,1989
3,6,30,2385
3,6,32,2915
3,6,34,3407
3,6,36,3946
3,6,38,4461
3,6,40,5075
3,6,42,5570
3,6,44,6197
3,6,46,6851
3,6,48,7648
3,6,50,8157
3,6,52,9010
3,6,54,9702
3,6,56,10487
3,6,58,11153
3,6,60,12027
3,6,62,12668
3,6,64,13445
3,6,66,13932
3,6,68,14484
3,6,70,14948
3,6,72,15401
3,6,74,15456
3,6,76,15654
3,6,78,15657
3,6,80,16024
3,6,82,16312
3,6,84,16052
3,6,86,15901
3,6,88,16134
3,6,90,15890
3,6,92,15114
3,6,94,15456
3,6,96,15795
3,6,98,15285
3,6,100,14363
3,6,102,13799
3,6,104,13331
3,6,106,12541
3,6,108,11367
3,6,110,11483
3,6,112,11375
3,6,114,10179
3,6,116,8843
3,6,118,8792
3,6,120,8210
3,6,122,7272
3,6,124,7009
3,6,126,6970
3,6,128,6538
3,6,130,5494
3,6,132,4533
3,6,134,4158
3,6,136,3716
3,6,138,3092
3,6,140,2807
3,6,142,2614
3,6,144,2179
3,6,146,1552
3,6,148,1256
3,6,150,1015
3,6,152,843
3,6,154,619
3,6,156,546
3,6,158,405
3,6,160,299
3,6,162,178
3,6,164,116
3,6,166,60
3,6,168,52
3,6,170,26
3,6,172,18
3,6,174,12
3,6,176,6
3,7,4,8
3,7,6,22
3,7,8,43
3,7,10,79
3,7,12,143
3,7,14,218
3,7,16,330
3,7,18,477
3,7,20,692
3,7,22,938
3,7,24,1255
3,7,26,1585
3,7,28,1989
3,7,30,2385
3,7,32,2915
3,7,34,3407
3,7,36,3946
3,7,38,4461
3,7,40,5075
3,7,42,5570
3,7,44,6197
3,7,46,6851
3,7,48,7648
3,7,50,8157
3,7,52,9010
3,7,54,9702
3,7,56,10487
3,7,58,11153
3,7,60,12027
3,7,62,12668
3,7,64,13445
3,7,66,13932
3,7,68,14484
3,7,70,14948
3,7,72,15471
3,7,74,15675
3,7,76,16097
3,7,78,16445
3,7,80,17289
3,7,82,18122
3,7,84,18582
3,7,86,19180
3,7,88,20307
3,7,90,21020
3,7,92,21347
3,7,94,22851
3,7,96,24436
3,7,98,24801
3,7,100,24948
3,7,102,25404
3,7,104,25967
3,7,106,26006
3,7,108,26127
3,7,110,27263
3,7,112,28593
3,7,114,28821
3,7,116,28383
3,7,118,29359
3,7,120,30247
3,7,122,30254
3,7,124,30509
3,7,126,31931
3,7,128,33030
3,7,130,32306
3,7,132,30554
3,7,134,29779
3,7,136,29678
3,7,138,29027
3,7,140,27540
3,7,142,29703
3,7,144,30855
3,7,146,29146
3,7,148,27163
3,7,150,28753
3,7,152,28831
3,7,154,28028
3,7,156,28994
3,7,158,30663
3,7,160,30659
3,7,162,28024
3,7,164,25066
3,7,166,25672
3,7,168,25264
3,7,170,23985
3,7,172,24384
3,7,174,26516
3,7,176,25871
3,7,178,23474
3,7,180,22508
3,7,182,22694
3,7,184,23184
3,7,186,22418
3,7,188,22166
3,7,190,23029
3,7,192,22127
3,7,194,18665
3,7,196,15420
3,7,198,16140
3,7,200,15357
3,7,202,13870
3,7,204,14871
3,7,206,15999
3,7,208,14599
3,7,210,12282
3,7,212,11745
3,7,214,11819
3,7,216,12188
3,7,218,11388
3,7,220,11293
3,7,222,11546
3,7,224,9734
3,7,226,7565
3,7,228,7007
3,7,230,6553
3,7,232,6573
3,7,234,6354
3,7,236,6897
3,7,238,6931
3,7,240,6759
3,7,242,5711
3,7,244,4970
3,7,246,4876
3,7,248,4806
3,7,250,4269
3,7,252,3953
3,7,254,3778
3,7,256,2937
3,7,258,1912
3,7,260,1610
3,7,262,1271
3,7,264,1182
3,7,266,1040
3,7,268,1237
3,7,270,1176
3,7,272,1074
3,7,274,834
3,7,276,740
3,7,278,632
3,7,280,567
3,7,282,450
3,7,284,417
3,7,286,271
3,7,288,229
3,7,290,134
3,7,292,106
3,7,294,71
3,7,296,72
3,7,298,64
3,7,300,76
3,7,302,52
3,7,304,39
3,7,306,21
3,7,308,11
3,7,312,2
3,8,4,8
3,8,6,22
3,8,8,43
3,8,10,79
3,8,12,143
3,8,14,218
3,8,16,330
3,8,18,477
3,8,20,692
3,8,22,938
3,8,24,1255
3,8,26,1585
3,8,28,1989
3,8,30,2385
3,8,32,2915
3,8,34,3407
3,8,36,3946
3,8,38,4461
3,8,40,5075
3,8,42,5570
3,8,44,6197
3,8,46,6851
3,8,48,7648
3,8,50,8157
3,8,52,9010
3,8,54,9702
3,8,56,10487
3,8,58,11153
3,8,60,12027
3,8,62,12668
3,8,64,13445
3,8,66,13932
3,8,68,14484
3,8,70,14948
3,8,72,15471
3,8,74,15675
3,8,76,16097
3,8,78,16445
3,8,80,17289
3,8,82,18122
3,8,84,18582
3,8,86,19180
3,8,88,20307
3,8,90,21020
3,8,92,21347
3,8,94,22851
3,8,96,24436
3,8,98,24801
3,8,100,24948
3,8,102,25404
3,8,104,25967
3,8,106,26006
3,8,108,26127
3,8,110,27263
3,8,112,28593
3,8,114,28821
3,8,116,28383
3,8,118,29359
3,8,120,30247
3,8,122,30254
3,8,124,30509
3,8,126,31931
3,8,128,33030
3,8,130,32306
3,8,132,30554
3,8,134,29779
3,8,136,29678
3,8,138,29124
3,8,140,27886
3,8,142,30393
3,8,144,32001
3,8,146,30829
3,8,148,29550
3,8,150,31917
3,8,152,32903
3,8,154,33022
3,8,156,35083
3,8,158,37937
3,8,160,39185
3,8,162,37458
3,8,164,35613
3,8,166,37243
3,8,168,37879
3,8,170,37435
3,8,172,39137
3,8,174,42296
3,8,176,43091
3,8,178,42118
3,8,180,42048
3,8,182,43269
3,8,184,45238
3,8,186,45411
3,8,188,45674
3,8,190,48003
3,8,192,48626
3,8,194,45478
3,8,196,41443
3,8,198,41771
3,8,200,41456
3,8,202,40269
3,8,204,40588
3,8,206,44751
3,8,208,45727
3,8,210,43129
3,8,212,41809
3,8,214,44724
3,8,216,46404
3,8,218,46043
3,8,220,48202
3,8,222,51307
3,8,224,50797
3,8,226,46951
3,8,228,43623
3,8,230,44069
3,8,232,44559
3,8,234,43980
3,8,236,45091
3,8,238,49673
3,8,240,50544
3,8,242,47053
3,8,244,44700
3,8,246,46226
3,8,248,47157
3,8,250,45956
3,8,252,45760
3,8,254,48360
3,8,256,46217
3,8,258,38504
3,8,260,31357
3,8,262,34503
3,8,264,32708
3,8,266,30470
3,8,268,35236
3,8,270,39942
3,8,272,37282
3,8,274,33333
3,8,276,34126
3,8,278,36109
3,8,280,39213
3,8,282,38804
3,8,284,40069
3,8,286,42985
3,8,288,38677
3,8,290,32982
3,8,292,31852
3,8,294,32296
3,8,296,33521
3,8,298,33796
3,8,300,36742
3,8,302,39504
3,8,304,39628
3,8,306,35655
3,8,308,33333
3,8,310,35550
3,8,312,36519
3,8,314,34364
3,8,316,34138
3,8,318,35976
3,8,320,30291
3,8,322,23523
3,8,324,21846
3,8,326,21769
3,8,328,22028
3,8,330,21783
3,8,332,25290
3,8,334,27717
3,8,336,27134
3,8,338,24407
3,8,340,24740
3,8,342,25683
3,8,344,27200
3,8,346,26669
3,8,348,26773
3,8,350,27245
3,8,352,25077
3,8,354,20371
3,8,356,17677
3,8,358,18371
3,8,360,18691
3,8,362,18460
3,8,364,21022
3,8,366,23084
3,8,368,22097
3,8,370,18688
3,8,372,16743
3,8,374,18113
3,8,376,18319
3,8,378,16130
3,8,380,15788
3,8,382,16404
3,8,384,10842
3,8,386,6540
3,8,388,7706
3,8,390,6354
3,8,392,7093
3,8,394,7837
3,8,396,10043
3,8,398,10735
3,8,400,11089
3,8,402,9992
3,8,404,10202
3,8,406,10812
3,8,408,11265
3,8,410,10735
3,8,412,10882
3,8,414,10544
3,8,416,9217
3,8,418,7167
3,8,420,6771
3,8,422,6411
3,8,424,6775
3,8,426,6867
3,8,428,7619
3,8,430,8255
3,8,432,7642
3,8,434,6309
3,8,436,6006
3,8,438,5874
3,8,440,5694
3,8,442,4880
3,8,444,4639
3,8,446,3621
3,8,448,2907
3,8,450,1746
3,8,452,1545
3,8,454,1205
3,8,456,1317
3,8,458,1442
3,8,460,2101
3,8,462,2589
3,8,464,3052
3,8,466,2989
3,8,468,2734
3,8,470,2772
3,8,472,2873
3,8,474,2674
3,8,476,2498
3,8,478,2402
3,8,480,1863
3,8,482,1200
3,8,484,1010
3,8,486,763
3,8,488,764
3,8,490,673
3,8,492,737
3,8,494,690
3,8,496,522
3,8,498,322
3,8,500,345
3,8,502,228
3,8,504,199
3,8,506,129
3,8,508,157
3,8,510,34
3,8,512,58
3,8,514,19
3,8,516,29
3,8,518,19
3,8,520,33
3,8,522,48
3,8,524,80
3,8,526,104
3,8,528,114
3,8,530,107
3,8,532,102
3,8,534,89
3,8,536,86
3,8,538,72
3,8,540,63
3,8,542,38
3,8,544,33
3,8,546,17
3,8,548,12
3,8,550,6
3,8,552,8
3,8,554,6
3,8,556,6
3,8,558,2
3,8,560,3
3,8,562,2
3,8,564,4
3,8,568,2
3,9,4,8
3,9,6,22
3,9,8,43
3,9,10,79
3,9,12,143
3,9,14,218
3,9,16,330
3,9,18,477
3,9,20,692
3,9,22,938
3,9,24,1255
3,9,26,1585
3,9,28,1989
3,9,30,2385
3,9,32,2915
3,9,34,3407
3,9,36,3946
3,9,38,4461
3,9,40,5075
3,9,42,5570
3,9,44,6197
3,9,46,6851
3,9,48,7648
3,9,50,8157
3,9,52,9010
3,9,54,9702
3,9,56,10487
3,9,58,11153
3,9,60,12027
3,9,62,12668
3,9,64,13445
3,9,66,13932
3,9,68,14484
3,9,70,14948
3,9,72,15471
3,9,74,15675
3,9,76,16097
3,9,78,16445
3,9,80,17289
3,9,82,18122
3,9,84,18582
3,9,86,19180
3,9,88,20307
3,9,90,21020
3,9,92,21347
3,9,94,22851
3,9,96,24436
3,9,98,24801
3,9,100,24948
3,9,102,25404
3,9,104,25967
3,9,106,26006
3,9,108,26127
3,9,110,27263
3,9,112,28593
3,9,114,28821
3,9,116,28383
3,9,118,29359
3,9,120,30247
3,9,122,30254
3,9,124,30509
3,9,126,31931
3,9,128,33030
3,9,130,32306
3,9,132,30554
3,9,134,29779
3,9,136,29678
3,9,138,29124
3,9,140,27886
3,9,142,30393
3,9,144,32001
3,9,146,30829
3,9,148,29550
3,9,150,31917
3,9,152,32903
3,9,154,33022
3,9,156,35083
3,9,158,37937
3,9,160,39185
3,9,162,37458
3,9,164,35613
3,9,166,37243
3,9,168,37879
3,9,170,37435
3,9,172,39137
3,9,174,42296
3,9,176,43091
3,9,178,42118
3,9,180,42048
3,9,182,43269
3,9,184,45238
3,9,186,45411
3,9,188,45674
3,9,190,48003
3,9,192,48626
3,9,194,45478
3,9,196,41443
3,9,198,41771
3,9,200,41456
3,9,202,40269
3,9,204,40588
3,9,206,44751
3,9,208,45727
3,9,210,43129
3,9,212,41809
3,9,214,44724
3,9,216,46404
3,9,218,46043
3,9,220,48202
3,9,222,51307
3,9,224,50797
3,9,226,46951
3,9,228,43623
3,9,230,44069
3,9,232,44559
3,9,234,43980
3,9,236,45091
3,9,238,49673
3,9,240,50544
3,9,242,47053
3,9,244,44700
3,9,246,46226
3,9,248,47157
3,9,250,45956
3,9,252,45760
3,9,254,48360
3,9,256,46217
3,9,258,38504
3,9,260,31357
3,9,262,34503
3,9,264,32708
3,9,266,30470
3,9,268,35430
3,9,270,40526
3,9,272,38361
3,9,274,34971
3,9,276,36458
3,9,278,39222
3,9,280,43239
3,9,282,43761
3,9,284,46092
3,9,286,50158
3,9,288,47130
3,9,290,42366
3,9,292,42343
3,9,294,43795
3,9,296,46076
3,9,298,47228
3,9,300,51473
3,9,302,55259
3,9,304,56824
3,9,306,54273
3,9,308,52859
3,9,310,56117
3,9,312,58542
3,9,314,57317
3,9,316,57629
3,9,318,60926
3,9,320,56766
3,9,322,50336
3,9,324,47869
3,9,326,47404
3,9,328,48145
3,9,330,48181
3,9,332,50982
3,9,334,56437
3,9,336,58237
3,9,338,55249
3,9,340,54820
3,9,342,58630
3,9,344,61452
3,9,346,61355
3,9,348,63718
3,9,350,67032
3,9,352,66154
3,9,354,59769
3,9,356,54314
3,9,358,55916
3,9,360,56725
3,9,362,56151
3,9,364,59270
3,9,366,65865
3,9,368,65923
3,9,370,60052
3,9,372,56499
3,9,374,59508
3,9,376,60690
3,9,378,57775
3,9,380,57519
3,9,382,60926
3,9,384,54151
3,9,386,43129
3,9,388,37396
3,9,390,39621
3,9,392,38788
3,9,394,37525
3,9,396,44711
3,9,398,50948
3,9,400,49549
3,9,402,45544
3,9,404,47557
3,9,406,51292
3,9,408,56032
3,9,410,56260
3,9,412,58883
3,9,414,62640
3,9,416,58290
3,9,418,51492
3,9,420,50109
3,9,422,50466
3,9,424,52938
3,9,426,54178
3,9,428,57949
3,9,430,63777
3,9,432,64996
3,9,434,59669
3,9,436,56448
3,9,438,60003
3,9,440,61294
3,9,442,58411
3,9,444,58241
3,9,446,60914
3,9,448,54167
3,9,450,43004
3,9,452,37529
3,9,454,39881
3,9,456,39430
3,9,458,38781
3,9,460,46738
3,9,462,53539
3,9,464,52265
3,9,466,47962
3,9,468,49181
3,9,470,51656
3,9,472,55568
3,9,474,55050
3,9,476,55447
3,9,478,58680
3,9,480,52685
3,9,482,42229
3,9,484,37248
3,9,486,40540
3,9,488,41053
3,9,490,40602
3,9,492,47266
3,9,494,51678
3,9,496,47975
3,9,498,39783
3,9,500,36382
3,9,502,41067
3,9,504,41843
3,9,506,36844
3,9,508,37241
3,9,510,39929
3,9,512,23519
3,9,514,13454
3,9,516,19450
3,9,518,15949
3,9,520,19394
3,9,522,22925
3,9,524,29853
3,9,526,32208
3,9,528,33620
3,9,530,31212
3,9,532,33640
3,9,534,37742
3,9,536,40119
3,9,538,39670
3,9,540,41784
3,9,542,42033
3,9,544,38724
3,9,546,32815
3,9,548,32107
3,9,550,32846
3,9,552,35534
3,9,554,36826
3,9,556,40306
3,9,558,44886
3,9,560,42876
3,9,562,37638
3,9,564,36887
3,9,566,38896
3,9,568,38972
3,9,570,36048
3,9,572,36334
3,9,574,35213
3,9,576,30370
3,9,578,23234
3,9,580,21709
3,9,582,21625
3,9,584,22651
3,9,586,23600
3,9,588,29116
3,9,590,33687
3,9,592,35103
3,9,594,32560
3,9,596,31790
3,9,598,34719
3,9,600,37090
3,9,602,35812
3,9,604,36101
3,9,606,37968
3,9,608,31750
3,9,610,24303
3,9,612,22976
3,9,614,23023
3,9,616,24450
3,9,618,24387
3,9,620,27390
3,9,622,29508
3,9,624,26092
3,9,626,20739
3,9,628,20260
3,9,630,21034
3,9,632,20632
3,9,634,17801
3,9,636,18033
3,9,638,15807
3,9,640,11045
3,9,642,6436
3,9,644,7891
3,9,646,6450
3,9,648,7680
3,9,650,8885
3,9,652,12384
3,9,654,15328
3,9,656,17747
3,9,658,18033
3,9,660,19383
3,9,662,20963
3,9,664,22808
3,9,666,23205
3,9,668,23641
3,9,670,23902
3,9,672,22640
3,9,674,18722
3,9,676,16217
3,9,678,17113
3,9,680,17691
3,9,682,17653
3,9,684,20013
3,9,686,22151
3,9,688,20730
3,9,690,17235
3,9,692,15845
3,9,694,16937
3,9,696,17056
3,9,698,14918
3,9,700,14792
3,9,702,14714
3,9,704,9745
3,9,706,5733
3,9,708,7001
3,9,710,5682
3,9,712,6671
3,9,714,7731
3,9,716,10365
3,9,718,11563
3,9,720,12542
3,9,722,11440
3,9,724,10636
3,9,726,12377
3,9,728,12914
3,9,730,11886
3,9,732,12064
3,9,734,12393
3,9,736,8237
3,9,738,4892
3,9,740,6235
3,9,742,5232
3,9,744,6426
3,9,746,6815
3,9,748,7747
3,9,750,8135
3,9,752,5764
3,9,754,3631
3,9,756,5105
3,9,758,4537
3,9,760,3687
3,9,762,2750
3,9,764,3305
3,9,766,332
3,9,768,989
3,9,770,388
3,9,772,694
3,9,774,614
3,9,776,938
3,9,778,1261
3,9,780,2131
3,9,782,3501
3,9,784,4743
3,9,786,5414
3,9,788,5922
3,9,790,6706
3,9,792,7525
3,9,794,7779
3,9,796,8091
3,9,798,8292
3,9,800,7422
3,9,802,6028
3,9,804,5587
3,9,806,5266
3,9,808,5469
3,9,810,5429
3,9,812,5907
3,9,814,6157
3,9,816,5687
3,9,818,4591
3,9,820,4328
3,9,822,4085
3,9,824,3981
3,9,826,3366
3,9,828,3275
3,9,830,2494
3,9,832,1991
3,9,834,1161
3,9,836,1063
3,9,838,748
3,9,840,874
3,9,842,901
3,9,844,1155
3,9,846,1339
3,9,848,1431
3,9,850,1311
3,9,852,1318
3,9,854,1379
3,9,856,1422
3,9,858,1345
3,9,860,1355
3,9,862,1129
3,9,864,905
3,9,866,561
3,9,868,596
3,9,870,440
3,9,872,512
3,9,874,479
3,9,876,556
3,9,878,488
3,9,880,397
3,9,882,253
3,9,884,318
3,9,886,196
3,9,888,194
3,9,890,120
3,9,892,148
3,9,894,34
3,9,896,56
3,9,898,19
3,9,900,29
3,9,902,19
3,9,904,33
3,9,906,48
3,9,908,85
3,9,910,116
3,9,912,154
3,9,914,194
3,9,916,197
3,9,918,233
3,9,920,244
3,9,922,239
3,9,924,244
3,9,926,246
3,9,928,215
3,9,930,143
3,9,932,156
3,9,934,93
3,9,936,102
3,9,938,74
3,9,940,94
3,9,942,70
3,9,944,72
3,9,946,50
3,9,948,58
3,9,950,44
3,9,952,43
3,9,954,27
3,9,956,35
3,9,958,14
3,9,960,16
3,9,962,5
3,9,964,8
3,9,966,6
3,9,968,7
3,9,970,5
3,9,972,5
3,9,974,2
3,9,976,2
3,9,978,1
3,9,980,2
3,9,984,1
3,10,4,8
3,10,6,22
3,10,8,43
3,10,10,79
3,10,12,143
3,10,14,218
3,10,16,330
3,10,18,477
3,10,20,692
3,10,22,938
3,10,24,1255
3,10,26,1585
3,10,28,1989
3,10,30,2385
3,10,32,2915
3,10,34,3407
3,10,36,3946
3,10,38,4461
3,10,40,5075
3,10,42,5570
3,10,44,6197
3,10,46,6851
3,10,48,7648
3,10,50,8157
3,10,52,9010
3,10,54,9702
3,10,56,10487
3,10,58,11153
3,10,60,12027
3,10,62,12668
3,10,64,13445
3,10,66,13932
3,10,68,14484
3,10,70,14948
3,10,72,15471
3,10,74,15675
3,10,76,16097
3,10,78,16445
3,10,80,17289
3,10,82,18122
3,10,84,18582
3,10,86,19180
3,10,88,20307
3,10,90,21020
3,10,92,21347
3,10,94,22851
3,10,96,24436
3,10,98,24801
3,10,100,24948
3,10,102,25404
3,10,104,25967
3,10,106,26006
3,10,108,26127
3,10,110,27263
3,10,112,28593
3,10,114,28821
3,10,116,28383
3,10,118,29359
3,10,120,30247
3,10,122,30254
3,10,124,30509
3,10,126,31931
3,10,128,33030
3,10,130,32306
3,10,132,30554
3,10,134,29779
3,10,136,29678
3,10,138,29124
3,10,140,27886
3,10,142,30393
3,10,144,32001
3,10,146,30829
3,10,148,29550
3,10,150,31917
3,10,152,32903
3,10,154,33022
3,10,156,35083
3,10,158,37937
3,10,160,39185
3,10,162,37458
3,10,164,35613
3,10,166,37243
3,10,168,37879
3,10,170,37435
3,10,172,39137
3,10,174,42296
3,10,176,43091
3,10,178,42118
3,10,180,42048
3,10,182,43269
3,10,184,45238
3,10,186,45411
3,10,188,45674
3,10,190,48003
3,10,192,48626
3,10,194,45478
3,10,196,41443
3,10,198,41771
3,10,200,41456
3,10,202,40269
3,10,204,40588
3,10,206,44751
3,10,208,45727
3,10,210,43129
3,10,212,41809
3,10,214,44724
3,10,216,46404
3,10,218,46043
3,10,220,48202
3,10,222,51307
3,10,224,50797
3,10,226,46951
3,10,228,43623
3,10,230,44069
3,10,232,44559
3,10,234,43980
3,10,236,45091
3,10,238,49673
3,10,240,50544
3,10,242,47053
3,10,244,44700
3,10,246,46226
3,10,248,47157
3,10,250,45956
3,10,252,45760
3,10,254,48360
3,10,256,46217
3,10,258,38504
3,10,260,31357
3,10,262,34503
3,10,264,32708
3,10,266,30470
3,10,268,35430
3,10,270,40526
3,10,272,38361
3,10,274,34971
3,10,276,36458
3,10,278,39222
3,10,280,43239
3,10,282,43761
3,10,284,46092
3,10,286,50158
3,10,288,47130
3,10,290,42366
3,10,292,42343
3,10,294,43795
3,10,296,46076
3,10,298,47228
3,10,300,51473
3,10,302,55259
3,10,304,56824
3,10,306,54273
3,10,308,52859
3,10,310,56117
3,10,312,58542
3,10,314,57317
3,10,316,57629
3,10,318,60926
3,10,320,56766
3,10,322,50336
3,10,324,47869
3,10,326,47404
3,10,328,48145
3,10,330,48181
3,10,332,50982
3,10,334,56437
3,10,336,58237
3,10,338,55249
3,10,340,54820
3,10,342,58630
3,10,344,61452
3,10,346,61355
3,10,348,63718
3,10,350,67032
3,10,352,66154
3,10,354,59769
3,10,356,54314
3,10,358,55916
3,10,360,56725
3,10,362,56151
3,10,364,59270
3,10,366,65865
3,10,368,65923
3,10,370,60052
3,10,372,56499
3,10,374,59508
3,10,376,60690
3,10,378,57775
3,10,380,57519
3,10,382,60926
3,10,384,54151
3,10,386,43129
3,10,388,37396
3,10,390,39621
3,10,392,38788
3,10,394,37525
3,10,396,44711
3,10,398,50948
3,10,400,49549
3,10,402,45544
3,10,404,47557
3,10,406,51292
3,10,408,56032
3,10,410,56260
3,10,412,58883
3,10,414,62640
3,10,416,58290
3,10,418,51492
3,10,420,50109
3,10,422,50466
3,10,424,52938
3,10,426,54178
3,10,428,57949
3,10,430,63777
3,10,432,64996
3,10,434,59669
3,10,436,56448
3,10,438,60003
3,10,440,61294
3,10,442,58411
3,10,444,58241
3,10,446,60914
3,10,448,54167
3,10,450,43004
3,10,452,37529
3,10,454,39881
3,10,456,39430
3,10,458,38781
3,10,460,46738
3,10,462,53539
3,10,464,52265
3,10,466,47962
3,10,468,49181
3,10,470,51656
3,10,472,55568
3,10,474,55050
3,10,476,55447
3,10,478,58680
3,10,480,52685
3,10,482,42229
3,10,484,37248
3,10,486,40540
3,10,488,41053
3,10,490,40602
3,10,492,47266
3,10,494,51678
3,10,496,47975
3,10,498,39783
3,10,500,36382
3,10,502,41067
3,10,504,41843
3,10,506,36844
3,10,508,37241
3,10,510,39929
3,10,512,23519
3,10,514,13454
3,10,516,19450
3,10,518,15949
3,10,520,19394
3,10,522,22925
3,10,524,29853
3,10,526,32495
3,10,528,34477
3,10,530,32717
3,10,532,35863
3,10,534,40745
3,10,536,44038
3,10,538,44542
3,10,540,47743
3,10,542,49140
3,10,544,47093
3,10,546,42138
3,10,548,42543
3,10,550,44291
3,10,552,48062
3,10,554,50252
3,10,556,55033
3,10,558,60641
3,10,560,60072
3,10,562,56256
3,10,564,56413
3,10,566,59463
3,10,568,60999
3,10,570,59009
3,10,572,59829
3,10,574,60171
3,10,576,56853
3,10,578,50047
3,10,580,47732
3,10,582,47259
3,10,584,48762
3,10,586,49988
3,10,588,54795
3,10,590,62391
3,10,592,66190
3,10,594,63391
3,10,596,61848
3,10,598,67631
3,10,600,71313
3,10,602,70468
3,10,604,73007
3,10,606,77708
3,10,608,72792
3,10,610,63675
3,10,612,59585
3,10,614,60557
3,10,616,62483
3,10,618,62052
3,10,620,65568
3,10,622,72215
3,10,624,69858
3,10,626,62032
3,10,628,59939
3,10,630,62357
3,10,632,62946
3,10,634,59430
3,10,636,59728
3,10,638,60292
3,10,640,54373
3,10,642,43025
3,10,644,37616
3,10,646,39817
3,10,648,39433
3,10,650,38601
3,10,652,47042
3,10,654,55507
3,10,656,56165
3,10,658,53570
3,10,660,56761
3,10,662,61500
3,10,664,67634
3,10,666,68778
3,10,668,71676
3,10,670,76030
3,10,672,71741
3,10,674,63070
3,10,676,59596
3,10,678,61219
3,10,680,63908
3,10,682,65013
3,10,684,70391
3,10,686,77739
3,10,688,78159
3,10,690,70650
3,10,692,66321
3,10,694,71126
3,10,696,72763
3,10,698,68555
3,10,700,68487
3,10,702,72160
3,10,704,61200
3,10,706,47154
3,10,708,43125
3,10,710,44536
3,10,712,45033
3,10,714,45274
3,10,716,55080
3,10,718,62537
3,10,720,61765
3,10,722,56394
3,10,724,57037
3,10,726,61227
3,10,728,65643
3,10,730,64298
3,10,732,64945
3,10,734,68606
3,10,736,59144
3,10,738,45977
3,10,740,42450
3,10,742,45078
3,10,744,46942
3,10,746,46965
3,10,748,54441
3,10,750,59300
3,10,752,53379
3,10,754,43179
3,10,756,41162
3,10,758,45387
3,10,760,45402
3,10,762,39521
3,10,764,40423
3,10,766,40229
3,10,768,24448
3,10,770,13824
3,10,772,20111
3,10,774,16521
3,10,776,20288
3,10,778,24119
3,10,780,32073
3,10,782,36533
3,10,784,40199
3,10,786,39476
3,10,788,43410
3,10,790,49372
3,10,792,53636
3,10,794,54477
3,10,796,58080
3,10,798,59595
3,10,800,56644
3,10,802,50217
3,10,804,49179
3,10,806,49811
3,10,808,53623
3,10,810,55810
3,10,812,59877
3,10,814,67145
3,10,816,66342
3,10,818,59954
3,10,820,58290
3,10,822,61529
3,10,824,62078
3,10,826,58671
3,10,828,59096
3,10,830,59066
3,10,832,53473
3,10,834,42279
3,10,836,37037
3,10,838,39383
3,10,840,39655
3,10,842,40059
3,10,844,49610
3,10,846,58278
3,10,848,58668
3,10,850,54512
3,10,852,54823
3,10,854,59368
3,10,856,64201
3,10,858,63095
3,10,860,63721
3,10,862,68207
3,10,864,58521
3,10,866,45616
3,10,868,42239
3,10,870,44938
3,10,872,46566
3,10,874,46296
3,10,876,53467
3,10,878,58112
3,10,880,52264
3,10,882,42303
3,10,884,40452
3,10,886,44641
3,10,888,44865
3,10,890,39127
3,10,892,40008
3,10,894,39939
3,10,896,24284
3,10,898,13727
3,10,900,19984
3,10,902,16445
3,10,904,20219
3,10,906,24294
3,10,908,32845
3,10,910,37655
3,10,912,41165
3,10,914,39930
3,10,916,43149
3,10,918,47839
3,10,920,51273
3,10,922,51379
3,10,924,52770
3,10,926,53783
3,10,928,49644
3,10,930,40067
3,10,932,35703
3,10,934,39532
3,10,936,41421
3,10,938,42002
3,10,940,48937
3,10,942,55002
3,10,944,49672
3,10,946,40707
3,10,948,38938
3,10,950,43452
3,10,952,43584
3,10,954,38123
3,10,956,39091
3,10,958,39246
3,10,960,23879
3,10,962,13536
3,10,964,19692
3,10,966,16203
3,10,968,20350
3,10,970,25214
3,10,972,33662
3,10,974,36818
3,10,976,38697
3,10,978,34057
3,10,980,32210
3,10,982,39183
3,10,984,40109
3,10,986,35944
3,10,988,37109
3,10,990,38060
3,10,992,23225
3,10,994,13234
3,10,996,19350
3,10,998,16512
3,10,1000,21337
3,10,1002,23264
3,10,1004,26045
3,10,1006,27240
3,10,1008,17869
3,10,1010,10734
3,10,1012,17118
3,10,1014,15556
3,10,1016,11880
3,10,1018,9152
3,10,1020,11514
3,10,1024,3116
3,10,1026,1398
3,10,1028,2520
3,10,1030,2238
3,10,1032,3396
3,10,1034,4680
3,10,1036,7990
3,10,1038,13603
3,10,1040,18915
3,10,1042,21789
3,10,1044,24224
3,10,1046,28564
3,10,1048,32581
3,10,1050,33997
3,10,1052,35934
3,10,1054,38029
3,10,1056,35499
3,10,1058,30860
3,10,1060,29873
3,10,1062,30830
3,10,1064,32986
3,10,1066,34009
3,10,1068,37080
3,10,1070,40942
3,10,1072,39573
3,10,1074,34994
3,10,1076,34145
3,10,1078,35650
3,10,1080,36175
3,10,1082,33646
3,10,1084,33907
3,10,1086,33345
3,10,1088,28861
3,10,1090,22222
3,10,1092,20665
3,10,1094,20529
3,10,1096,21429
3,10,1098,21935
3,10,1100,26457
3,10,1102,30469
3,10,1104,31301
3,10,1106,28932
3,10,1108,28918
3,10,1110,31546
3,10,1112,33646
3,10,1114,32765
3,10,1116,33323
3,10,1118,34354
3,10,1120,29243
3,10,1122,22512
3,10,1124,21386
3,10,1126,21383
3,10,1128,22853
3,10,1130,22920
3,10,1132,25959
3,10,1134,27970
3,10,1136,25010
3,10,1138,20047
3,10,1140,19677
3,10,1142,20379
3,10,1144,20117
3,10,1146,17365
3,10,1148,17630
3,10,1150,15532
3,10,1152,10834
3,10,1154,6304
3,10,1156,7761
3,10,1158,6312
3,10,1160,7455
3,10,1162,8560
3,10,1164,11806
3,10,1166,14536
3,10,1168,17300
3,10,1170,18238
3,10,1172,19712
3,10,1174,23008
3,10,1176,25848
3,10,1178,26675
3,10,1180,27753
3,10,1182,29585
3,10,1184,25876
3,10,1186,20425
3,10,1188,19336
3,10,1190,19590
3,10,1192,21281
3,10,1194,21843
3,10,1196,24973
3,10,1198,27479
3,10,1200,24578
3,10,1202,19709
3,10,1204,19580
3,10,1206,20309
3,10,1208,19971
3,10,1210,17224
3,10,1212,17588
3,10,1214,15109
3,10,1216,10695
3,10,1218,6214
3,10,1220,7705
3,10,1222,6236
3,10,1224,7489
3,10,1226,8695
3,10,1228,11549
3,10,1230,13008
3,10,1232,13773
3,10,1234,12325
3,10,1236,11897
3,10,1238,13583
3,10,1240,14106
3,10,1242,12869
3,10,1244,13158
3,10,1246,12706
3,10,1248,8672
3,10,1250,5144
3,10,1252,6590
3,10,1254,5580
3,10,1256,6771
3,10,1258,7069
3,10,1260,8033
3,10,1262,8198
3,10,1264,5874
3,10,1266,3723
3,10,1268,5253
3,10,1270,4549
3,10,1272,3759
3,10,1274,2758
3,10,1276,3309
3,10,1278,334
3,10,1280,991
3,10,1282,388
3,10,1284,694
3,10,1286,614
3,10,1288,938
3,10,1290,1261
3,10,1292,2149
3,10,1294,3751
3,10,1296,5603
3,10,1298,7077
3,10,1300,8518
3,10,1302,10165
3,10,1304,12144
3,10,1306,13484
3,10,1308,14327
3,10,1310,15660
3,10,1312,15625
3,10,1314,13560
3,10,1316,11628
3,10,1318,12664
3,10,1320,12965
3,10,1322,13007
3,10,1324,15068
3,10,1326,16969
3,10,1328,16267
3,10,1330,13882
3,10,1332,12725
3,10,1334,13810
3,10,1336,14202
3,10,1338,12688
3,10,1340,12678
3,10,1342,12970
3,10,1344,8519
3,10,1346,5023
3,10,1348,6305
3,10,1350,5118
3,10,1352,6093
3,10,1354,7066
3,10,1356,9516
3,10,1358,10762
3,10,1360,11712
3,10,1362,10756
3,10,1364,10149
3,10,1366,11975
3,10,1368,12564
3,10,1370,11615
3,10,1372,11817
3,10,1374,11998
3,10,1376,8018
3,10,1378,4742
3,10,1380,6099
3,10,1382,5127
3,10,1384,6334
3,10,1386,6723
3,10,1388,7646
3,10,1390,7992
3,10,1392,5690
3,10,1394,3594
3,10,1396,5073
3,10,1398,4451
3,10,1400,3634
3,10,1402,2689
3,10,1404,3245
3,10,1406,315
3,10,1408,974
3,10,1410,380
3,10,1412,684
3,10,1414,602
3,10,1416,917
3,10,1418,1240
3,10,1420,2053
3,10,1422,3260
3,10,1424,4527
3,10,1426,5245
3,10,1428,5433
3,10,1430,7293
3,10,1432,8456
3,10,1434,8613
3,10,1436,9086
3,10,1438,10053
3,10,1440,6775
3,10,1442,4157
3,10,1444,5353
3,10,1446,4491
3,10,1448,5497
3,10,1450,5825
3,10,1452,6659
3,10,1454,6858
3,10,1456,4985
3,10,1458,3132
3,10,1460,4439
3,10,1462,3870
3,10,1464,3203
3,10,1466,2356
3,10,1468,2848
3,10,1470,255
3,10,1472,857
3,10,1474,341
3,10,1476,606
3,10,1478,498
3,10,1480,754
3,10,1482,880
3,10,1484,1073
3,10,1486,1327
3,10,1488,1051
3,10,1490,684
3,10,1492,1118
3,10,1494,1030
3,10,1496,941
3,10,1498,719
3,10,1500,879
3,10,1502,56
3,10,1504,269
3,10,1506,136
3,10,1508,269
3,10,1510,302
3,10,1512,287
3,10,1514,196
3,10,1516,232
3,10,1518,4
3,10,1520,78
3,10,1522,68
3,10,1524,136
3,10,1528,68
3,11,4,8
3,11,6,22
3,11,8,43
3,11,10,79
3,11,12,143
3,11,14,218
3,11,16,330
3,11,18,477
3,11,20,692
3,11,22,938
3,11,24,1255
3,11,26,1585
3,11,28,1989
3,11,30,2385
3,11,32,2915
3,11,34,3407
3,11,36,3946
3,11,38,4461
3,11,40,5075
3,11,42,5570
3,11,44,6197
3,11,46,6851
3,11,48,7648
3,11,50,8157
3,11,52,9010
3,11,54,9702
3,11,56,10487
3,11,58,11153
3,11,60,12027
3,11,62,12668
3,11,64,13445
3,11,66,13932
3,11,68,14484
3,11,70,14948
3,11,72,15471
3,11,74,15675
3,11,76,16097
3,11,78,16445
3,11,80,17289
3,11,82,18122
3,11,84,18582
3,11,86,19180
3,11,88,20307
3,11,90,21020
3,11,92,21347
3,11,94,22851
3,11,96,24436
3,11,98,24801
3,11,100,24948
3,11,102,25404
3,11,104,25967
3,11,106,26006
3,11,108,26127
3,11,110,27263
3,11,112,28593
3,11,114,28821
3,11,116,28383
3,11,118,29359
3,11,120,30247
3,11,122,30254
3,11,124,30509
3,11,126,31931
3,11,128,33030
3,11,130,32306
3,11,132,30554
3,11,134,29779
3,11,136,29678
3,11,138,29124
3,11,140,27886
3,11,142,30393
3,11,144,32001
3,11,146,30829
3,11,148,29550
3,11,150,31917
3,11,152,32903
3,11,154,33022
3,11,156,35083
3,11,158,37937
3,11,160,39185
3,11,162,37458
3,11,164,35613
3,11,166,37243
3,11,168,37879
3,11,170,37435
3,11,172,39137
3,11,174,42296
3,11,176,43091
3,11,178,42118
3,11,180,42048
3,11,182,43269
3,11,184,45238
3,11,186,45411
3,11,188,45674
3,11,190,48003
3,11,192,48626
3,11,194,45478
3,11,196,41443
3,11,198,41771
3,11,200,41456
3,11,202,40269
3,11,204,40588
3,11,206,44751
3,11,208,45727
3,11,210,43129
3,11,212,41809
3,11,214,44724
3,11,216,46404
3,11,218,46043
3,11,220,48202
3,11,222,51307
3,11,224,50797
3,11,226,46951
3,11,228,43623
3,11,230,44069
3,11,232,44559
3,11,234,43980
3,11,236,45091
3,11,238,49673
3,11,240,50544
3,11,242,47053
3,11,244,44700
3,11,246,46226
3,11,248,47157
3,11,250,45956
3,11,252,45760
3,11,254,48360
3,11,256,46217
3,11,258,38504
3,11,260,31357
3,11,262,34503
3,11,264,32708
3,11,266,30470
3,11,268,35430
3,11,270,40526
3,11,272,38361
3,11,274,34971
3,11,276,36458
3,11,278,39222
3,11,280,43239
3,11,282,43761
3,11,284,46092
3,11,286,50158
3,11,288,47130
3,11,290,42366
3,11,292,42343
3,11,294,43795
3,11,296,46076
3,11,298,47228
3,11,300,51473
3,11,302,55259
3,11,304,56824
3,11,306,54273
3,11,308,52859
3,11,310,56117
3,11,312,58542
3,11,314,57317
3,11,316,57629
3,11,318,60926
3,11,320,56766
3,11,322,50336
3,11,324,47869
3,11,326,47404
3,11,328,48145
3,11,330,48181
3,11,332,50982
3,11,334,56437
3,11,336,58237
3,11,338,55249
3,11,340,54820
3,11,342,58630
3,11,344,61452
3,11,346,61355
3,11,348,63718
3,11,350,67032
3,11,352,66154
3,11,354,59769
3,11,356,54314
3,11,358,55916
3,11,360,56725
3,11,362,56151
3,11,364,59270
3,11,366,65865
3,11,368,65923
3,11,370,60052
3,11,372,56499
3,11,374,59508
3,11,376,60690
3,11,378,57775
3,11,380,57519
3,11,382,60926
3,11,384,54151
3,11,386,43129
3,11,388,37396
3,11,390,39621
3,11,392,38788
3,11,394,37525
3,11,396,44711
3,11,398,50948
3,11,400,49549
3,11,402,45544
3,11,404,47557
3,11,406,51292
3,11,408,56032
3,11,410,56260
3,11,412,58883
3,11,414,62640
3,11,416,58290
3,11,418,51492
3,11,420,50109
3,11,422,50466
3,11,424,52938
3,11,426,54178
3,11,428,57949
3,11,430,63777
3,11,432,64996
3,11,434,59669
3,11,436,56448
3,11,438,60003
3,11,440,61294
3,11,442,58411
3,11,444,58241
3,11,446,60914
3,11,448,54167
3,11,450,43004
3,11,452,37529
3,11,454,39881
3,11,456,39430
3,11,458,38781
3,11,460,46738
3,11,462,53539
3,11,464,52265
3,11,466,47962
3,11,468,49181
3,11,470,51656
3,11,472,55568
3,11,474,55050
3,11,476,55447
3,11,478,58680
3,11,480,52685
3,11,482,42229
3,11,484,37248
3,11,486,40540
3,11,488,41053
3,11,490,40602
3,11,492,47266
3,11,494,51678
3,11,496,47975
3,11,498,39783
3,11,500,36382
3,11,502,41067
3,11,504,41843
3,11,506,36844
3,11,508,37241
3,11,510,39929
3,11,512,23519
3,11,514,13454
3,11,516,19450
3,11,518,15949
3,11,520,19394
3,11,522,22925
3,11,524,29853
3,11,526,32495
3,11,528,34477
3,11,530,32717
3,11,532,35863
3,11,534,40745
3,11,536,44038
3,11,538,44542
3,11,540,47743
3,11,542,49140
3,11,544,47093
3,11,546,42138
3,11,548,42543
3,11,550,44291
3,11,552,48062
3,11,554,50252
3,11,556,55033
3,11,558,60641
3,11,560,60072
3,11,562,56256
3,11,564,56413
3,11,566,59463
3,11,568,60999
3,11,570,59009
3,11,572,59829
3,11,574,60171
3,11,576,56853
3,11,578,50047
3,11,580,47732
3,11,582,47259
3,11,584,48762
3,11,586,49988
3,11,588,54795
3,11,590,62391
3,11,592,66190
3,11,594,63391
3,11,596,61848
3,11,598,67631
3,11,600,71313
3,11,602,70468
3,11,604,73007
3,11,606,77708
3,11,608,72792
3,11,610,63675
3,11,612,59585
3,11,614,60557
3,11,616,62483
3,11,618,62052
3,11,620,65568
3,11,622,72215
3,11,624,69858
3,11,626,62032
3,11,628,59939
3,11,630,62357
3,11,632,62946
3,11,634,59430
3,11,636,59728
3,11,638,60292
3,11,640,54373
3,11,642,43025
3,11,644,37616
3,11,646,39817
3,11,648,39433
3,11,650,38601
3,11,652,47042
3,11,654,55507
3,11,656,56165
3,11,658,53570
3,11,660,56761
3,11,662,61500
3,11,664,67634
3,11,666,68778
3,11,668,71676
3,11,670,76030
3,11,672,71741
3,11,674,63070
3,11,676,59596
3,11,678,61219
3,11,680,63908
3,11,682,65013
3,11,684,70391
3,11,686,77739
3,11,688,78159
3,11,690,70650
3,11,692,66321
3,11,694,71126
3,11,696,72763
3,11,698,68555
3,11,700,68487
3,11,702,72160
3,11,704,61200
3,11,706,47154
3,11,708,43125
3,11,710,44536
3,11,712,45033
3,11,714,45274
3,11,716,55080
3,11,718,62537
3,11,720,61765
3,11,722,56394
3,11,724,57037
3,11,726,61227
3,11,728,65643
3,11,730,64298
3,11,732,64945
3,11,734,68606
3,11,736,59144
3,11,738,45977
3,11,740,42450
3,11,742,45078
3,11,744,46942
3,11,746,46965
3,11,748,54441
3,11,750,59300
3,11,752,53379
3,11,754,43179
3,11,756,41162
3,11,758,45387
3,11,760,45402
3,11,762,39521
3,11,764,40423
3,11,766,40229
3,11,768,24448
3,11,770,13824
3,11,772,20111
3,11,774,16521
3,11,776,20288
3,11,778,24119
3,11,780,32073
3,11,782,36533
3,11,784,40199
3,11,786,39476
3,11,788,43410
3,11,790,49372
3,11,792,53636
3,11,794,54477
3,11,796,58080
3,11,798,59595
3,11,800,56644
3,11,802,50217
3,11,804,49179
3,11,806,49811
3,11,808,53623
3,11,810,55810
3,11,812,59877
3,11,814,67145
3,11,816,66342
3,11,818,59954
3,11,820,58290
3,11,822,61529
3,11,824,62078
3,11,826,58671
3,11,828,59096
3,11,830,59066
3,11,832,53473
3,11,834,42279
3,11,836,37037
3,11,838,39383
3,11,840,39655
3,11,842,40059
3,11,844,49610
3,11,846,58278
3,11,848,58668
3,11,850,54512
3,11,852,54823
3,11,854,59368
3,11,856,64201
3,11,858,63095
3,11,860,63721
3,11,862,68207
3,11,864,58521
3,11,866,45616
3,11,868,42239
3,11,870,44938
3,11,872,46566
3,11,874,46296
3,11,876,53467
3,11,878,58112
3,11,880,52264
3,11,882,42303
3,11,884,40452
3,11,886,44641
3,11,888,44865
3,11,890,39127
3,11,892,40008
3,11,894,39939
3,11,896,24284
3,11,898,13727
3,11,900,19984
3,11,902,16445
3,11,904,20219
3,11,906,24294
3,11,908,32845
3,11,910,37655
3,11,912,41165
3,11,914,39930
3,11,916,43149
3,11,918,47839
3,11,920,51273
3,11,922,51379
3,11,924,52770
3,11,926,53783
3,11,928,49644
3,11,930,40067
3,11,932,35703
3,11,934,39532
3,11,936,41421
3,11,938,42002
3,11,940,48937
3,11,942,55002
3,11,944,49672
3,11,946,40707
3,11,948,38938
3,11,950,43452
3,11,952,43584
3,11,954,38123
3,11,956,39091
3,11,958,39246
3,11,960,23879
3,11,962,13536
3,11,964,19692
3,11,966,16203
3,11,968,20350
3,11,970,25214
3,11,972,33662
3,11,974,36818
3,11,976,38697
3,11,978,34057
3,11,980,32210
3,11,982,39183
3,11,984,40109
3,11,986,35944
3,11,988,37109
3,11,990,38060
3,11,992,23225
3,11,994,13234
3,11,996,19350
3,11,998,16512
3,11,1000,21337
3,11,1002,23264
3,11,1004,26045
3,11,1006,27240
3,11,1008,17869
3,11,1010,10734
3,11,1012,17118
3,11,1014,15556
3,11,1016,11880
3,11,1018,9152
3,11,1020,11514
3,11,1024,3116
3,11,1026,1398
3,11,1028,2520
3,11,1030,2238
3,11,1032,3396
3,11,1034,4680
3,11,1036,7990
3,11,1038,13603
3,11,1040,19297
3,11,1042,22941
3,11,1044,26264
3,11,1046,31467
3,11,1048,36408
3,11,1050,38811
3,11,1052,41851
3,11,1054,45093
3,11,1056,43806
3,11,1058,40117
3,11,1060,40275
3,11,1062,42239
3,11,1064,45463
3,11,1066,47407
3,11,1068,51794
3,11,1070,56681
3,11,1072,56753
3,11,1074,53612
3,11,1076,53671
3,11,1078,56217
3,11,1080,58202
3,11,1082,56607
3,11,1084,57401
3,11,1086,58299
3,11,1088,55339
3,11,1090,49035
3,11,1092,46686
3,11,1094,46157
3,11,1096,47533
3,11,1098,48313
3,11,1100,52125
3,11,1102,59163
3,11,1104,62365
3,11,1106,59741
3,11,1108,58961
3,11,1110,64445
3,11,1112,67855
3,11,1114,67410
3,11,1116,70212
3,11,1118,74062
3,11,1120,70251
3,11,1122,61859
3,11,1124,57957
3,11,1126,58869
3,11,1128,60842
3,11,1130,60545
3,11,1132,64081
3,11,1134,70628
3,11,1136,68747
3,11,1138,61306
3,11,1140,59321
3,11,1142,61661
3,11,1144,62385
3,11,1146,58948
3,11,1148,59252
3,11,1150,59948
3,11,1152,54129
3,11,1154,42869
3,11,1156,37460
3,11,1158,39667
3,11,1160,39202
3,11,1162,38270
3,11,1164,46448
3,11,1166,54692
3,11,1168,55698
3,11,1170,53749
3,11,1172,57062
3,11,1174,63492
3,11,1176,70596
3,11,1178,72193
3,11,1180,75743
3,11,1182,81652
3,11,1184,74900
3,11,1186,64703
3,11,1188,62624
3,11,1190,63605
3,11,1192,67442
3,11,1194,69149
3,11,1196,75233
3,11,1198,82955
3,11,1200,81954
3,11,1202,73051
3,11,1204,69993
3,11,1206,74468
3,11,1208,75647
3,11,1210,70843
3,11,1212,71234
3,11,1214,72506
3,11,1216,62163
3,11,1218,47634
3,11,1220,43867
3,11,1222,45197
3,11,1224,45916
3,11,1226,46259
3,11,1228,56275
3,11,1230,63994
3,11,1232,63012
3,11,1234,57288
3,11,1236,58321
3,11,1238,62477
3,11,1240,66873
3,11,1242,65300
3,11,1244,66058
3,11,1246,68939
3,11,1248,59589
3,11,1250,46230
3,11,1252,42807
3,11,1254,45430
3,11,1256,47291
3,11,1258,47223
3,11,1260,54729
3,11,1262,59363
3,11,1264,53489
3,11,1266,43271
3,11,1268,41310
3,11,1270,45399
3,11,1272,45474
3,11,1274,39529
3,11,1276,40427
3,11,1278,40231
3,11,1280,24450
3,11,1282,13824
3,11,1284,20111
3,11,1286,16521
3,11,1288,20288
3,11,1290,24119
3,11,1292,32091
3,11,1294,36732
3,11,1296,40967
3,11,1298,41038
3,11,1300,45921
3,11,1302,52751
3,11,1304,58156
3,11,1306,60100
3,11,1308,64247
3,11,1310,66890
3,11,1312,64750
3,11,1314,57662
3,11,1316,55114
3,11,1318,57109
3,11,1320,61077
3,11,1322,63356
3,11,1324,68927
3,11,1326,77844
3,11,1328,76875
3,11,1330,69205
3,11,1332,66636
3,11,1334,71233
3,11,1336,72292
3,11,1338,67995
3,11,1340,68500
3,11,1342,69586
3,11,1344,60082
3,11,1346,46213
3,11,1348,42332
3,11,1350,43821
3,11,1352,45044
3,11,1354,46426
3,11,1356,58107
3,11,1358,67800
3,11,1360,69032
3,11,1362,64013
3,11,1364,63704
3,11,1366,70013
3,11,1368,75446
3,11,1370,73470
3,11,1372,74280
3,11,1374,79199
3,11,1376,65804
3,11,1378,49931
3,11,1380,47821
3,11,1382,49725
3,11,1384,52598
3,11,1386,52759
3,11,1388,60743
3,11,1390,65810
3,11,1392,57733
3,11,1394,45744
3,11,1396,45253
3,11,1398,48961
3,11,1400,48446
3,11,1402,41828
3,11,1404,43214
3,11,1406,40311
3,11,1408,25252
3,11,1410,14123
3,11,1412,20679
3,11,1414,17051
3,11,1416,21142
3,11,1418,25513
3,11,1420,34851
3,11,1422,40900
3,11,1424,45687
3,11,1426,45131
3,11,1428,48520
3,11,1430,55023
3,11,1432,59605
3,11,1434,59852
3,11,1436,61708
3,11,1438,63708
3,11,1440,56357
3,11,1442,44184
3,11,1444,40937
3,11,1446,43993
3,11,1448,46988
3,11,1450,47952
3,11,1452,55669
3,11,1454,61937
3,11,1456,54720
3,11,1458,43865
3,11,1460,43354
3,11,1462,47331
3,11,1464,46864
3,11,1466,40566
3,11,1468,41992
3,11,1470,39560
3,11,1472,24760
3,11,1474,13900
3,11,1476,20322
3,11,1478,16715
3,11,1480,21135
3,11,1482,26117
3,11,1484,34742
3,11,1486,38167
3,11,1488,39774
3,11,1490,34758
3,11,1492,33332
3,11,1494,40230
3,11,1496,41090
3,11,1498,36703
3,11,1500,38024
3,11,1502,38152
3,11,1504,23514
3,11,1506,13384
3,11,1508,19635
3,11,1510,16820
3,11,1512,21636
3,11,1514,23474
3,11,1516,26286
3,11,1518,27255
3,11,1520,17953
3,11,1522,10806
3,11,1524,17258
3,11,1526,15556
3,11,1528,11948
3,11,1530,9152
3,11,1532,11514
3,11,1536,3116
3,11,1538,1398
3,11,1540,2520
3,11,1542,2238
3,11,1544,3396
3,11,1546,4680
3,11,1548,7990
3,11,1550,13719
3,11,1552,19833
3,11,1554,24000
3,11,1556,27697
3,11,1558,33246
3,11,1560,38410
3,11,1562,40947
3,11,1564,44110
3,11,1566,47251
3,11,1568,45903
3,11,1570,42155
3,11,1572,41248
3,11,1574,42427
3,11,1576,45483
3,11,1578,47410
3,11,1580,50549
3,11,1582,56829
3,11,1584,57176
3,11,1586,52594
3,11,1588,51116
3,11,1590,54130
3,11,1592,55190
3,11,1594,52827
3,11,1596,53350
3,11,1598,54698
3,11,1600,49984
3,11,1602,40141
3,11,1604,34984
3,11,1606,37606
3,11,1608,37647
3,11,1610,37619
3,11,1612,45996
3,11,1614,54063
3,11,1616,53790
3,11,1618,49896
3,11,1620,51004
3,11,1622,55213
3,11,1624,59739
3,11,1626,59107
3,11,1628,59983
3,11,1630,63881
3,11,1632,55555
3,11,1634,43650
3,11,1636,40367
3,11,1638,43249
3,11,1640,44904
3,11,1642,44771
3,11,1644,51854
3,11,1646,56505
3,11,1648,51178
3,11,1650,41641
3,11,1652,39761
3,11,1654,43960
3,11,1656,44291
3,11,1658,38666
3,11,1660,39531
3,11,1662,39694
3,11,1664,24081
3,11,1666,13615
3,11,1668,19832
3,11,1670,16286
3,11,1672,19990
3,11,1674,23982
3,11,1676,32396
3,11,1678,37383
3,11,1680,41624
3,11,1682,41127
3,11,1684,44399
3,11,1686,50726
3,11,1688,55153
3,11,1690,55680
3,11,1692,57562
3,11,1694,60142
3,11,1696,53534
3,11,1698,42353
3,11,1700,39289
3,11,1702,42603
3,11,1704,45572
3,11,1706,46624
3,11,1708,54144
3,11,1710,60561
3,11,1712,53669
3,11,1714,43180
3,11,1716,42631
3,11,1718,46804
3,11,1720,46399
3,11,1722,40257
3,11,1724,41643
3,11,1726,39366
3,11,1728,24608
3,11,1730,13809
3,11,1732,20207
3,11,1734,16650
3,11,1736,21048
3,11,1738,26031
3,11,1740,34659
3,11,1742,38092
3,11,1744,39706
3,11,1746,34713
3,11,1748,33263
3,11,1750,40152
3,11,1752,40999
3,11,1754,36617
3,11,1756,37923
3,11,1758,38092
3,11,1760,23465
3,11,1762,13362
3,11,1764,19610
3,11,1766,16814
3,11,1768,21628
3,11,1770,23468
3,11,1772,26280
3,11,1774,27253
3,11,1776,17950
3,11,1778,10804
3,11,1780,17254
3,11,1782,15556
3,11,1784,11946
3,11,1786,9152
3,11,1788,11514
3,11,1792,3116
3,11,1794,1398
3,11,1796,2520
3,11,1798,2238
3,11,1800,3396
3,11,1802,4680
3,11,1804,8082
3,11,1806,14134
3,11,1808,20856
3,11,1810,25375
3,11,1812,28813
3,11,1814,33756
3,11,1816,39042
3,11,1818,41464
3,11,1820,42766
3,11,1822,46177
3,11,1824,43628
3,11,1826,36325
3,11,1828,31837
3,11,1830,36156
3,11,1832,37584
3,11,1834,38122
3,11,1836,44538
3,11,1838,50238
3,11,1840,46040
3,11,1842,38200
3,11,1844,36298
3,11,1846,40732
3,11,1848,41503
3,11,1850,36533
3,11,1852,37397
3,11,1854,38436
3,11,1856,23287
3,11,1858,13212
3,11,1860,19212
3,11,1862,15810
3,11,1864,19823
3,11,1866,24407
3,11,1868,32460
3,11,1870,35749
3,11,1872,37458
3,11,1874,32976
3,11,1876,31645
3,11,1878,38610
3,11,1880,39621
3,11,1882,35654
3,11,1884,36959
3,11,1886,37340
3,11,1888,23022
3,11,1890,13092
3,11,1892,19209
3,11,1894,16455
3,11,1896,21252
3,11,1898,23137
3,11,1900,25932
3,11,1902,27020
3,11,1904,17796
3,11,1906,10728
3,11,1908,17106
3,11,1910,15372
3,11,1912,11786
3,11,1914,9014
3,11,1916,11368
3,11,1920,3092
3,11,1922,1386
3,11,1924,2496
3,11,1926,2166
3,11,1928,3264
3,11,1930,4494
3,11,1932,7680
3,11,1934,12438
3,11,1936,17268
3,11,1938,19206
3,11,1940,18747
3,11,1942,25338
3,11,1944,28749
3,11,1946,28188
3,11,1948,29538
3,11,1950,32838
3,11,1952,20112
3,11,1954,11652
3,11,1956,17190
3,11,1958,14916
3,11,1960,19167
3,11,1962,20988
3,11,1964,23508
3,11,1966,24216
3,11,1968,16200
3,11,1970,9798
3,11,1972,15708
3,11,1974,14088
3,11,1976,10920
3,11,1978,8328
3,11,1980,10506
3,11,1984,2880
3,11,1986,1308
3,11,1988,2316
3,11,1990,1884
3,11,1992,2838
3,11,1994,3372
3,11,1996,4104
3,11,1998,5214
3,11,2000,3978
3,11,2002,2574
3,11,2004,4494
3,11,2006,4062
3,11,2008,3606
3,11,2010,2712
3,11,2012,3456
3,11,2016,978
3,11,2018,534
3,11,2020,1062
3,11,2022,1212
3,11,2024,1116
3,11,2026,744
3,11,2028,888
3,11,2032,288
3,11,2034,264
3,11,2036,528
3,11,2040,264
4,3,4,21
4,3,6,68
4,3,8,170
4,3,10,362
4,3,12,714
4,3,14,1259
4,3,16,2104
4,3,18,3225
4,3,20,4555
4,3,22,5922
4,3,24,7321
4,3,26,8419
4,3,28,8952
4,3,30,9087
4,3,32,8597
4,3,34,7376
4,3,36,6032
4,3,38,4346
4,3,40,2799
4,3,42,1797
4,3,44,939
4,3,46,386
4,3,48,177
4,3,50,31
4,4,4,21
4,4,6,68
4,4,8,170
4,4,10,386
4,4,12,838
4,4,14,1659
4,4,16,3163
4,4,18,5693
4,4,20,9885
4,4,22,16578
4,4,24,27084
4,4,26,42716
4,4,28,65309
4,4,30,96612
4,4,32,138977
4,4,34,194875
4,4,36,266629
4,4,38,356034
4,4,40,464765
4,4,42,591654
4,4,44,735836
4,4,46,893091
4,4,48,1056207
4,4,50,1218422
4,4,52,1369262
4,4,54,1495187
4,4,56,1591238
4,4,58,1647634
4,4,60,1656782
4,4,62,1617354
4,4,64,1530275
4,4,66,1398860
4,4,68,1232145
4,4,70,1041329
4,4,72,841744
4,4,74,646406
4,4,76,469112
4,4,78,319526
4,4,80,203334
4,4,82,119573
4,4,84,64457
4,4,86,31408
4,4,88,13535
4,4,90,5070
4,4,92,1571
4,4,94,318
4,4,96,29
4,5,4,21
4,5,4,21
4,5,6,68
4,5,6,68
4,5,8,170
4,5,8,170
4,5,10,386
4,5,10,386
4,5,12,838
4,5,12,838
4,5,14,1659
4,5,14,1659
4,5,16,3163
4,5,16,3163
4,5,18,5693
4,5,18,5693
4,5,20,9985
4,5,20,9985
4,5,22,16978
4,5,22,16978
4,5,24,28143
4,5,24,28143
4,5,26,45240
4,5,26,45240
4,5,28,70989
4,5,28,70989
4,5,30,108514
4,5,30,108514
4,5,32,162279
4,5,32,162279
4,5,34,238467
4,5,34,238467
4,5,36,344993
4,5,36,344993
4,5,38,490140
4,5,38,490140
4,5,40,685963
4,5,40,685963
4,5,42,944689
4,5,42,944689
4,5,44,1281292
4,5,44,1281292
4,5,46,1714078
4,5,46,1714078
4,5,48,2260703
4,5,48,2260703
4,5,50,2944737
4,5,50,2944737
4,5,52,3791864
4,5,52,3791864
4,5,54,4818364
4,5,54,4818364
4,5,56,6051917
4,5,56,6051917
4,5,58,7518635
4,5,58,7518635
4,5,60,9224306
4,5,60,9224306
4,5,62,11185484
4,5,62,11185484
4,5,64,13432987
4,5,64,13432987
4,5,66,15951729
4,5,66,15951729
4,5,68,18731233
4,5,68,18731233
4,5,70,21783388
4,5,70,21783388
4,5,72,25063702
4,5,72,25063702
4,5,74,28519050
4,5,74,28519050
4,5,76,32138428
4,5,76,32138428
4,5,78,35859960
4,5,78,35859960
4,5,80,39606701
4,5,80,39606701
4,5,82,43330368
4,5,82,43330368
4,5,84,46939082
4,5,84,46939082
4,5,86,50330949
4,5,86,50330949
4,5,88,53459991
4,5,88,53459991
4,5,90,56253788
4,5,90,56253784
4,5,92,58607849
4,5,92,58607853
4,5,94,60499012
4,5,94,60499017
4,5,96,61892618
4,5,96,61892610
4,5,98,62663544
4,5,98,62663572
4,5,100,62812882
4,5,100,62812858
4,5,102,62380433
4,5,102,62380372
4,5,104,61373511
4,5,104,61373383
4,5,106,59731075
4,5,106,59730963
4,5,108,57618159
4,5,108,57618029
4,5,110,55074310
4,5,110,55074114
4,5,112,52024431
4,5,112,52024191
4,5,114,48618250
4,5,114,48618460
4,5,116,45027957
4,5,116,45027473
4,5,118,41230136
4,5,118,41230645
4,5,120,37256297
4,5,120,37256691
4,5,122,33391296
4,5,122,33390868
4,5,124,29573430
4,5,124,29573932
4,5,126,25791297
4,5,126,25791713
4,5,128,22232660
4,5,128,22233149
4,5,130,18966831
4,5,130,18966263
4,5,132,15915930
4,5,132,15916525
4,5,134,13150541
4,5,134,13151048
4,5,136,10766143
4,5,136,10765784
4,5,138,8649778
4,5,138,8649296
4,5,140,6817980
4,5,140,6817574
4,5,142,5289587
4,5,142,5289239
4,5,144,4045060
4,5,144,4045361
4,5,146,3017850
4,5,146,3018342
4,5,148,2211749
4,5,148,2211544
4,5,150,1596026
4,5,150,1596193
4,5,152,1121912
4,5,152,1122085
4,5,154,766906
4,5,154,766809
4,5,156,508748
4,5,156,508681
4,5,158,330485
4,5,158,330550
4,5,160,205459
4,5,160,205515
4,5,162,124692
4,5,162,124700
4,5,164,73014
4,5,164,73040
4,5,166,41466
4,5,166,41462
4,5,168,22284
4,5,168,22282
4,5,170,11523
4,5,170,11525
4,5,172,5640
4,5,172,5640
4,5,174,2453
4,5,174,2453
4,5,176,1076
4,5,176,1076
4,5,178,367
4,5,178,367
4,5,180,143
4,5,180,143
4,5,182,26
4,5,182,26
4,5,184,13
4,5,184,13
4,6,4,21
4,6,6,68
4,6,8,170
4,6,10,386
4,6,12,838
4,6,14,1659
4,6,16,3163
4,6,18,5693
4,6,20,9985
4,6,22,16978
4,6,24,28143
4,6,26,45240
4,6,28,70989
4,6,30,108514
4,6,32,162279
4,6,34,238467
4,6,36,344993
4,6,38,490456
4,6,40,687022
4,6,42,947213
4,6,44,1286972
4,6,46,1725980
4,6,48,2284005
4,6,50,2988329
4,6,52,3870509
4,6,54,4953671
4,6,56,6276477
4,6,58,7880486
4,6,60,9791183
4,6,62,12053298
4,6,64,14732056
4,6,66,17857873
4,6,68,21479000
4,6,70,25670578
4,6,72,30461381
4,6,74,35898175
4,6,76,42062955
4,6,78,49002190
4,6,80,56790326
4,6,82,65496123
4,6,84,75127764
4,6,86,85752976
4,6,88,97425492
4,6,90,110142993
4,6,92,123972962
4,6,94,138990788
4,6,96,155163628
4,6,98,172464726
4,6,100,190889107
4,6,102,210389201
4,6,104,231022092
4,6,106,252721926
4,6,108,275428577
4,6,110,299208494
4,6,112,323851429
4,6,114,349118202
4,6,116,375069271
4,6,118,401712999
4,6,120,428897815
4,6,122,456433428
4,6,124,484344140
4,6,126,512434031
4,6,128,540214412
4,6,130,567550794
4,6,132,594769334
4,6,134,621640204
4,6,136,647487095
4,6,138,672697730
4,6,140,697023911
4,6,142,719693876
4,6,144,740669759
4,6,146,760475889
4,6,148,779012928
4,6,150,795800536
4,6,152,810427523
4,6,154,823501527
4,6,156,834515605
4,6,158,842589038
4,6,160,848598719
4,6,162,853861683
4,6,164,856413356
4,6,166,856109938
4,6,168,854235815
4,6,170,849905712
4,6,172,842378757
4,6,174,832904438
4,6,176,822338235
4,6,178,810124867
4,6,180,795346529
4,6,182,778265874
4,6,184,760204115
4,6,186,740208232
4,6,188,717760170
4,6,190,695532538
4,6,192,673723998
4,6,194,649126403
4,6,196,623421024
4,6,198,597813735
4,6,200,571319795
4,6,202,543495874
4,6,204,516550674
4,6,206,490498266
4,6,208,464297893
4,6,210,436834630
4,6,212,409697150
4,6,214,383848066
4,6,216,358020455
4,6,218,332143777
4,6,220,308891799
4,6,222,286592347
4,6,224,263603487
4,6,226,241358850
4,6,228,220994986
4,6,230,201483251
4,6,232,182676060
4,6,234,165596070
4,6,236,150007660
4,6,238,135075921
4,6,240,120275530
4,6,242,106878737
4,6,244,95089829
4,6,246,83987933
4,6,248,73595166
4,6,250,64819976
4,6,252,56711642
4,6,254,48943182
4,6,256,41907174
4,6,258,36156930
4,6,260,30954422
4,6,262,26352348
4,6,264,22310627
4,6,266,18955458
4,6,268,15855601
4,6,270,13079140
4,6,272,10769257
4,6,274,8965879
4,6,276,7325891
4,6,278,5921755
4,6,280,4795402
4,6,282,3877783
4,6,284,3033095
4,6,286,2375644
4,6,288,1892223
4,6,290,1493420
4,6,292,1149372
4,6,294,884085
4,6,296,686516
4,6,298,514057
4,6,300,380682
4,6,302,283010
4,6,304,216303
4,6,306,156005
4,6,308,110987
4,6,310,78288
4,6,312,57677
4,6,314,37362
4,6,316,25037
4,6,318,17377
4,6,320,12479
4,6,322,6839
4,6,324,4778
4,6,326,3108
4,6,328,1875
4,6,330,785
4,6,332,748
4,6,334,369
4,6,336,193
4,6,338,70
4,6,340,77
4,6,342,10
4,6,344,7
4,6,346,4
4,6,348,4
